symbol,open,high,low,close,ltp,volume,value,52wh,52l,30d_chng,365d_chng
MAZDOCK,"4,715.10","5,621.45","4,670.00","4,684.55","5,621.45","2,08,95,888","10,841.64","5,621.45","1,262.25",43.8,265.04
HONASA,438.9,503,436.55,435.05,502,"74,81,624",353.04,511,256.3,-5.07,-
OPTIEMUS,322.3,389.1,318,324.25,372.85,"27,14,578",99.89,389.1,201.95,28.01,54.26
GALAXYSURF,"2,781.00","3,208.05","2,776.10","2,772.30","3,128.00","2,03,705",61.58,"3,208.05","2,247.00",12.07,4.63
ASTRAZEN,"6,399.00","7,572.20","6,398.10","6,398.10","7,170.00","4,58,354",327.64,"7,572.20","3,700.00",5.45,70.7
AGI,775,889.2,773.05,771.1,855.7,"28,10,024",239.05,"1,089.00",560.05,16.08,36.83
NBCC,171.52,189.9,170.72,169.03,186.5,"14,46,38,219","2,604.79",189.9,38.9,12.2,320.47
INOXWIND,148,164,147.72,142.48,157.15,"8,43,55,526","1,336.95",177,40.4,-7.09,-12.32
COCHINSHIP,"2,449.00","2,679.95","2,405.05","2,436.35","2,679.95","1,30,26,739","3,396.02","2,679.95",277.9,21.03,335.37
DODLA,"1,027.35","1,146.20","1,025.20","1,022.35","1,116.00","4,95,328",53.92,"1,146.20",582.35,17.32,73.09
SUNFLAG,235,268,234.9,233.3,254,"1,07,65,950",277.61,268,159.05,10.31,36.91
GRSE,"2,460.00","2,697.00","2,419.00","2,459.10","2,676.90","1,08,22,653","2,810.21","2,697.00",559,73.5,337.29
CONCORDBIO,"1,591.75","1,745.00","1,551.05","1,589.80","1,722.00","2,13,822",35.83,"1,745.00",900.05,9.88,-
LUPIN,"1,651.15","1,767.00","1,651.15","1,630.60","1,764.05","70,86,148","1,221.48","1,767.00",887.8,2.95,82.93
GREAVESCOT,148.9,162.9,148.53,148.2,159.45,"1,72,58,240",274.04,175.7,112.05,20.1,9.45
VOLTAMP,"12,111.00","12,999.00","12,040.70","11,984.00","12,890.00","1,23,551",157.73,"12,999.00","3,897.00",1.86,202.44
HUDCO,308,327.8,308,301.95,323.7,"9,02,97,808","2,887.00",327.8,57.35,5.17,422.4
RITES,701.85,754,700.05,698.35,748.2,"1,14,53,441",841.79,825.95,364.8,-3.62,90.44
TEGA,"1,660.90","1,799.00","1,653.00","1,649.20","1,761.00","1,62,690",28,"1,799.00",841.7,9.6,69.74
SEQUENT,126.75,136.15,126.19,126.05,133.95,"73,29,290",97.76,155.5,86.4,20.33,41.15
ADVENZYMES,375.2,401.85,375.2,375.25,398.6,"9,53,782",37.71,425.15,273.8,4.22,32.62
BAJAJHLDNG,"9,300.00","9,980.00","9,280.05","9,296.75","9,841.00","4,99,552",491.12,"9,980.00","6,627.90",16,30.22
DBCORP,339.45,359,339.45,338.45,358.05,"3,54,247",12.45,373.3,143.55,15.41,134.06
LINDEINDIA,"8,608.80","9,265.00","8,530.00","8,591.00","9,087.95","3,26,422",294.12,"9,935.05","4,287.05",-3.66,96.28
NIACL,245.31,260,241.65,245.31,259.05,"45,95,397",115.75,324.7,115.2,2.94,110.75
WOCKPHARMA,900,995,895,888.25,936.1,"26,38,057",246.89,995,213.25,64.17,268.42
SOLARINDS,"12,000.00","12,379.95","11,720.00","11,476.10","12,075.00","2,48,372",296.59,"12,539.25","3,453.35",16.39,207.91
UTKARSHBNK,50.75,53.05,50.61,50.36,52.94,"74,82,249",39.05,68.3,37.2,-5.52,-
LLOYDSME,745,786,745,738.6,775,"42,30,308",327.28,786,492,6.67,-
SOBHA,"1,949.90","2,050.00","1,949.90","1,946.75","2,041.00","1,91,764",38.56,"2,155.34",522.91,0.5,257.14
MAPMYINDIA,"2,340.00","2,484.00","2,324.85","2,322.35","2,434.00","4,97,832",120.8,"2,747.85","1,176.00",20.61,95.71
DATAMATICS,643.3,685,639.6,638.95,669.5,"11,16,623",75.18,791.5,450,21.01,14.05
HFCL,121,126.59,120.58,118.71,124,"8,12,31,538","1,006.70",130.5,61.5,14.64,75.61
LLOYDSENGG,70.8,74.99,70.76,70.51,73.65,"1,25,63,077",92.13,76.25,24.57,8.48,-
POLYMED,"1,951.00","2,077.90","1,951.00","1,957.25","2,042.85","1,56,457",31.74,"2,097.80","1,075.00",9.11,70.25
SSWL,228,237,227.95,226.22,236,"13,01,814",30.5,299,190.55,6.91,9.47
SUNCLAY,"1,675.00","1,787.85","1,655.85","1,674.85","1,747.10","70,757",12.18,"1,845.05","1,203.90",8.27,-
SHARDAMOTR,"2,484.00","2,596.00","2,483.95","2,473.65","2,579.80","81,935",21.03,"2,657.85",784.25,54.5,213.91
CARTRADE,805,848,803.8,806.4,841,"3,83,572",31.83,973.6,484.1,-4.39,63.95
PARAS,"1,499.85","1,574.80","1,480.00","1,499.80","1,564.00","31,03,105",476.66,"1,574.80",604.45,61.61,143.85
MASTEK,"2,788.00","2,890.00","2,764.55","2,747.30","2,864.00","4,21,834",120.68,"3,145.00","1,899.60",16.01,44.06
YATHARTH,422,433,414.1,413.7,430.95,"11,38,706",48.12,504.9,306.1,-1.71,-
JWL,696.6,736.7,689,693.1,721.95,"43,60,589",313.5,736.7,169.35,7.09,286.45
RATEGAIN,774.7,816.05,768,770.1,802.1,"9,02,791",72.17,921.7,415,11.08,75.78
LAURUSLABS,437,460.45,436.05,436.9,455,"65,29,514",296,471,328.15,2.23,24.83
ZYDUSLIFE,"1,104.95","1,144.90","1,093.25","1,095.25","1,139.50","36,36,780",408.49,"1,172.50",567.75,6.1,90.78
HONAUT,"56,649.00","59,000.00","56,484.15","56,501.65","58,750.00","22,289",128.93,"59,994.00","34,977.70",6.14,32.69
SONATSOFTW,635,657.3,627.25,625.45,649.95,"15,99,060",103.13,870,469.6,24.16,-37.12
NOCIL,294,304.35,289,292.1,303.45,"25,17,046",75.3,311.35,204.35,13.66,34.02
COFORGE,"5,700.45","5,906.45","5,690.00","5,680.90","5,900.00","11,17,259",654.15,"6,847.45","4,287.25",13.24,20.65
ALLCARGO,62,66,62,61.91,64.25,"1,25,78,519",80.89,98,59.3,-10.28,-77.98
PERSISTENT,"4,625.00","4,760.00","4,600.00","4,593.40","4,759.95","9,11,163",429.92,"4,760.00","1,158.59",34.08,-5.63
PATELENG,66.98,69.5,66.83,66.58,68.99,"1,25,19,294",85.79,79,34.25,7.04,-
WHIRLPOOL,"1,947.40","2,011.85","1,942.60","1,935.95","2,005.00","1,87,000",37.05,"2,199.00","1,186.10",27.73,30.63
KEI,"4,530.00","4,696.00","4,530.00","4,508.10","4,668.00","2,79,099",129.54,"5,039.70","2,223.00",7.14,93.53
SHAREINDIA,294.6,306,293.05,294.55,304.8,"10,01,770",30.32,405.28,234,-81.12,-77
FSL,225.95,235,224.76,224.16,231.7,"1,03,84,463",240.83,235,124.5,16.99,73.36
METROPOLIS,"2,029.90","2,095.50","2,011.70","2,024.20","2,091.70","2,87,584",59.36,"2,095.50","1,296.00",5.33,38.42
BDL,"1,640.00","1,715.00","1,635.90","1,633.80","1,688.00","91,84,976","1,541.17","1,715.00",450,2.34,47.84
MAHLIFE,599.75,618.4,595.1,593.8,613.25,"4,04,532",24.55,678.8,468.2,1.48,23.3
TTKPRESTIG,834.95,864,830.75,834.95,862,"2,00,958",17.17,864,647.15,24.29,11.98
LALPATHLAB,"2,837.45","2,926.95","2,822.10","2,821.05","2,912.00","4,25,478",122.56,"2,926.95","1,943.70",5.49,25.88
ISGEC,"1,284.20","1,349.00","1,276.00","1,284.20","1,325.60","2,08,051",27.44,"1,349.00",656,13.73,91.54
GRANULES,500.9,517,495.35,500.2,516,"30,17,754",154.32,517,287.7,13.4,69.19
WELCORP,596.5,613.7,591.4,592.35,610.5,"15,37,731",93.08,631.9,264.8,7.67,121.98
IRB,65.74,68.2,65.1,65.71,67.71,"7,91,04,545",530.24,78.15,24.95,-9.74,144.28
SARDAEN,236.98,245,234.21,235.72,242.8,"5,93,408",14.19,283.95,143,2.84,-83.59
NIITMTS,463.2,478.65,461.3,463.1,477,"1,47,665",6.98,576.9,342.3,11.77,-
JUBLINGREA,526.65,543.5,522.4,526.65,542,"4,56,936",24.43,581.7,399,5.28,25.18
BLUEJET,416.4,434.95,409.85,410.65,422.55,"3,82,529",16.25,442.8,319.5,6.33,-
CUMMINSIND,"3,973.95","4,114.95","3,951.35","3,957.95","4,072.50","11,27,996",458.83,"4,171.90","1,653.30",6.62,113.18
MOIL,528,550,523.25,523.15,538.25,"69,51,423",375.41,566,163.95,-0.4,212.61
AEGISLOG,872.6,900,867,866.3,891,"3,75,972",33.26,914,280,-,-
CASTROLIND,243,255.45,241.25,243.17,250,"5,84,88,893","1,455.32",255.45,120.7,26.62,96.82
DHANUKA,"1,648.00","1,710.00","1,618.00","1,643.75","1,689.00","80,629",13.5,"1,733.00",703.35,27.81,105.8
TATAMOTORS,984,"1,004.00",979.6,975.65,"1,002.50","1,21,39,832","1,205.27","1,065.60",584.95,2.65,64.96
SJVN,136.5,142,136.35,136.35,140.07,"4,71,17,085",658.7,170.5,41.4,-4.75,224.64
SFL,973.7,999.9,973,968.95,995,"2,51,073",24.86,"1,369.95",854,8.3,-17.15
HCLTECH,"1,485.00","1,534.55","1,485.00","1,481.00","1,520.00","68,22,557","1,036.82","1,697.35","1,087.05",12.67,24.39
HINDWAREAP,461.35,475.9,454.5,456,468,"5,62,942",26.37,664.1,315,25.45,-14.83
TATAMTRDVR,663,681.4,660.8,661.2,678.6,"10,12,838",68,712.6,306.05,4.02,115.48
SCI,264.5,274,263,263.3,270,"92,84,642",250.64,290.75,96.8,1.58,161.34
ICICIBANK,"1,229.00","1,234.95","1,214.30","1,201.60","1,231.95","1,52,75,791","1,872.98","1,235.00",899,3.59,27.19
CAMLINFINE,103.45,108.41,103.07,103,105.6,"9,63,398",10.2,186.35,79.95,9.81,-35.46
HDFCAMC,"4,141.95","4,248.75","4,107.90","4,125.95","4,230.00","4,23,932",177.72,"4,248.75","2,218.55",0.87,80.07
SWANENERGY,620.9,634,616.85,617.6,633,"17,34,727",108.39,782.25,214.25,3.42,133.54
TIINDIA,"4,209.00","4,424.90","4,160.00","4,201.35","4,304.90","1,32,102",56.59,"4,424.90","2,758.00",9.54,32.57
RECLTD,566.7,581,564,562.3,576,"2,48,52,433","1,427.55",607.8,159.15,-6.98,241.51
GAEL,137,140.25,136.2,136.64,139.9,"41,42,314",57.45,210.6,117.85,-2.57,-43.78
TVSMOTOR,"2,320.00","2,393.95","2,317.75","2,314.60","2,369.00","13,48,615",316.19,"2,519.00","1,293.50",2.87,77.53
FINEORG,"5,224.95","5,423.45","5,170.05","5,214.80","5,336.65","77,560",41.27,"5,423.45","4,021.00",18.56,6.8
ATUL,"6,588.00","6,792.35","6,508.45","6,597.80","6,750.00","78,953",52.93,"7,589.90","5,174.85",14.75,-4.73
CELLO,"1,000.00","1,025.00",981,960.1,982,"14,25,845",142.74,"1,025.00",711.2,11.61,-
IFBIND,"1,657.00","1,730.00","1,643.35","1,652.70","1,690.00","48,832",8.28,"1,748.45",814,42.12,100.42
KPRMILL,885.95,914.6,883.6,884.15,904.1,"2,58,511",23.27,934,615,9.98,38.13
RCF,198.46,207.5,196.13,198.11,202.58,"2,02,29,596",411.43,227.7,105.25,22.37,79.85
ENGINERSIN,263.9,270,260,263.05,268.95,"1,03,40,640",276.28,289.9,112.85,-2.18,131.56
LICI,991,"1,024.50",991,988.2,"1,010.30","39,04,568",395.11,"1,175.00",597.35,-7.44,57.88
INDHOTEL,602.7,619.95,600.45,599.8,612.9,"50,63,028",310.23,662.95,371.6,4.04,57.53
TEAMLEASE,"2,895.00","2,970.00","2,881.45","2,887.95","2,951.00","22,301",6.54,"3,700.00","2,180.10",1.31,17.74
TIPSINDLTD,452.05,463.3,452.05,450.25,459.95,"8,06,185",36.93,530.95,256,12.96,68.73
INDIASHLTR,724.8,747.9,721.3,724.6,739.95,"67,514",4.95,762,519.15,20.94,-
HGINFRA,"1,732.00","1,802.00","1,728.00","1,725.45","1,762.00","2,18,759",38.65,"1,869.90",805.1,12.1,99.99
ABFRL,328.6,339.4,326.5,327.15,334,"95,14,082",318.61,339.4,192.95,11.73,55.01
DBL,535,553,532.95,532.65,543.8,"6,65,817",36.28,564,237.1,24.92,108.27
JAMNAAUTO,125.89,128.5,124.11,124.91,127.52,"27,34,040",34.6,144,102.05,1.72,21.27
CYIENTDLM,764.95,777.7,756,759.7,775.5,"3,05,399",23.53,883.8,403,14.25,-
KSB,"4,979.90","5,089.00","4,941.00","4,938.95","5,040.00","56,712",28.61,"5,190.00","2,013.35",3.01,130.96
FDC,498.95,509.7,493,497.05,507.1,"6,62,019",33.33,509.9,311,14.9,49.33
INDUSTOWER,398.4,408.4,389.65,396.5,404.5,"2,79,83,391","1,119.62",408.4,157.35,8.93,144.23
HINDZINC,680,695,680,673.15,686.7,"14,96,295",102.74,807.7,284.6,-3.34,116.62
SYRMA,497.9,509.55,497.3,496.3,506.25,"5,99,626",30.28,705.2,386.1,0.14,11.63
BEML,"4,600.00","4,749.00","4,565.05","4,563.90","4,655.00","9,70,942",454.41,"4,849.70","1,519.00",-2.35,189.5
STARHEALTH,581,592.45,570,576.25,587.7,"14,49,109",84.92,675,454.8,12.26,-2.34
TVSSCS,187.4,190.35,183.7,185.52,189.15,"30,74,046",57.54,258,145,7.52,-
WABAG,"1,323.45","1,344.10","1,311.00","1,308.90","1,334.50","3,91,163",51.86,"1,379.00",435.45,31.73,175.76
TARC,217.01,227,217.01,217.33,221.55,"24,67,258",54.63,227,62.75,28.64,223.65
POWERMECH,"4,950.00","5,067.00","4,900.00","4,914.75","5,010.00","27,600",13.78,"5,550.00","3,364.95",0.75,36.55
BEPL,140,144.9,139,138.65,141.3,"60,22,673",85.5,144.9,81.6,45.18,7.65
LAOPALA,336.9,351,335.75,335.6,342,"5,35,758",18.46,479.75,290.4,7.07,-25.26
IPCALAB,"1,162.00","1,181.15","1,149.00","1,153.45","1,175.40","7,34,508",86.17,"1,374.60",743.05,2.32,54.61
BOSCHLTD,"34,750.00","35,331.45","34,571.00","34,546.45","35,200.00","27,710",97.02,"36,678.00","17,931.15",15.2,81.31
JUBLPHARMA,738,758.5,732.05,735.2,749,"1,71,636",12.85,775,318.75,9.46,86.55
RAINBOW,"1,302.25","1,326.80","1,300.00","1,295.85","1,319.95","1,02,854",13.57,"1,649.00",950,1.03,32.85
USHAMART,410,412,402.95,403.5,411,"11,16,013",45.55,423.95,252.8,11.6,47.72
SUNPHARMA,"1,535.00","1,571.00","1,526.00","1,533.95","1,562.00","26,30,823",408.98,"1,638.85","1,028.75",5.57,46.26
TCNSBRANDS,554.4,570.2,551.7,553.1,563.2,"6,03,428",34.01,571.65,329,9.73,33.68
DOMS,"2,164.95","2,275.00","2,155.00","2,150.75","2,190.00","1,48,509",32.94,"2,275.00","1,225.60",15.63,-
BAYERCROP,"6,522.25","6,598.00","6,446.00","6,453.60","6,570.00","22,561",14.76,"6,976.90","4,350.85",24.94,41.21
TRENT,"5,548.00","5,620.00","5,493.75","5,494.10","5,590.00","4,40,575",245.34,"5,620.00","1,657.45",17.84,216.42
PHOENIXLTD,"3,679.85","3,760.00","3,673.05","3,656.80","3,720.00","2,13,523",79.37,"3,945.00","1,553.00",9.39,130.68
ISEC,776.5,781,772.1,767.9,781,"6,83,134",53.01,866.45,599.5,3.29,26.61
HEG,"2,240.90","2,288.00","2,225.00","2,220.95","2,258.50","1,38,014",31.12,"2,743.00","1,461.90",-2.55,40.56
KAJARIACER,"1,495.00","1,520.00","1,466.30","1,484.30","1,509.00","3,23,031",48,"1,523.80","1,110.35",22.1,18.25
KRSNAA,684.55,703,683,677.75,689,"6,58,803",45.71,767.9,448.6,19.13,15.85
JSWINFRA,351.4,360.95,351.35,348.25,354,"36,85,353",131.28,360.95,142.2,17.77,-
AUBANK,669.35,680,661.8,666.25,677.15,"12,23,370",81.78,813.4,553.7,3.37,-14.28
NLCINDIA,260,265,254.01,258.56,262.75,"83,67,571",218.33,293.75,106,7.15,140.74
JMFINANCIL,91.25,92.29,90.43,90.66,92.1,"30,23,685",27.71,114.85,69,13.75,22.27
UJJIVANSFB,44.69,45.05,44.26,44.24,44.93,"2,05,85,475",92.04,63,38.65,-11.16,10.19
AMBER,"4,460.00","4,548.95","4,456.05","4,443.10","4,511.90","65,604",29.53,"4,665.00","2,171.00",19.36,98.21
JKTYRE,453.2,465,449.55,453.2,460.2,"23,19,213",106.63,553.95,230,10.92,93.14
AUROPHARMA,"1,238.80","1,257.90","1,226.50","1,238.80","1,257.90","8,48,096",105.55,"1,292.10",708.85,0.93,73.83
IRCON,278,284,277.05,276.3,280.5,"1,18,50,880",332.24,301.45,79,-3.71,231.89
GUFICBIO,363.5,379.05,360.1,363,368.5,"2,48,261",9.2,386.95,211,15.33,53.98
GABRIEL,487.3,504.45,483,482.45,489.75,"9,49,401",47.02,517,191.55,34.74,147.79
NHPC,102,104.34,101.8,101.46,102.98,"8,18,24,578",844.35,118,44.85,-10.33,122.5
HEIDELBERG,228.2,231.62,226.36,227.1,230.5,"5,70,014",13.08,247,172.25,10.75,30.97
RAIN,166.8,170.59,165.25,165.77,168.25,"30,21,356",50.91,219.6,130.05,1.98,1.95
CUB,170.53,174.75,168.19,170.07,172.6,"53,37,355",91.74,174.75,120.05,15.54,33.28
CENTURYPLY,720,728,707.5,717.1,727.75,"1,17,701",8.44,849.5,594,7.95,7.01
SHOPERSTOP,771.1,792.95,769.9,771.1,782.5,"70,633",5.53,888.5,616,6.23,-5.15
NH,"1,235.70","1,250.95","1,228.00","1,224.00","1,242.00","3,45,625",42.92,"1,444.90",973.4,3.51,23.59
GODFRYPHLP,"4,305.00","4,449.00","4,277.55","4,287.45","4,350.00","1,23,724",54.24,"4,490.00","1,620.00",14.53,151.18
APLLTD,960.5,990.2,955,950.35,964,"3,59,680",35.04,"1,094.00",629.6,3.6,48.95
SANSERA,"1,353.00","1,391.95","1,350.00","1,350.90","1,369.95","2,58,913",35.49,"1,391.95",820.5,29.37,51.1
MAHSEAMLES,647.1,667.4,645.35,643.95,653,"9,62,087",63.26,"1,097.00",444.4,-4.52,43.04
ARVINDFASN,528.2,541.3,521.05,525.65,533,"16,12,751",85.93,559.8,297.8,18.99,52.94
TCS,"3,999.85","4,047.35","3,982.10","3,965.25","4,019.95","25,18,001","1,013.45","4,254.75","3,250.10",7.09,19.84
RATNAMANI,"3,624.10","3,713.95","3,604.15","3,624.10","3,674.00","65,047",23.66,"3,938.80","2,304.05",7.5,54.71
DEEPAKFERT,745.15,767,727.5,741.3,751.5,"28,83,919",217.14,767,450,31.22,30.2
HBLPOWER,530,544.5,526.2,523.8,531,"27,91,538",149.69,612,151.05,3.99,237.39
BATAINDIA,"1,500.00","1,513.00","1,485.50","1,492.65","1,513.00","3,29,064",49.41,"1,771.45","1,269.00",9.08,-8.55
ALKYLAMINE,"2,124.00","2,160.00","2,108.30","2,116.65","2,145.20","49,895",10.67,"2,735.50","1,808.00",11.88,-21.62
MANKIND,"2,160.00","2,199.65","2,144.00","2,139.50","2,168.20","3,90,439",84.54,"2,490.00","1,661.05",0.66,27.57
EVEREADY,355.5,363.25,354.3,354.75,359.5,"2,35,932",8.48,441.9,295.05,6.61,4.2
INFY,"1,628.20","1,660.00","1,628.00","1,627.40","1,648.95","80,08,311","1,323.63","1,733.00","1,305.00",15.76,20.98
KPITTECH,"1,734.95","1,774.10","1,725.00","1,721.25","1,743.50","13,35,556",233.24,"1,774.10",961,19.18,62.27
HDFCLIFE,596,607.3,594.3,596.15,603.8,"50,28,421",303.41,710.6,511.4,8.37,-7.86
SKFINDIA,"6,359.00","6,460.50","6,330.50","6,449.15","6,399.90","56,015",35.92,"7,350.00","4,024.50",6.12,28.24
PARADEEP,83.95,87.4,83.01,83.83,84.9,"68,14,873",58.33,93.9,58.65,17.74,34.13
SANDUMA,564.9,581.9,560,556.05,563,"2,93,227",16.74,634.8,238.27,4.43,-
RAILTEL,483,495,480.5,481,487,"43,13,577",209.79,513,127.2,11.98,276.22
JSL,830,835.5,824.25,824.7,834.95,"5,87,820",48.89,841,335.1,2.66,141.03
BALKRISIND,"3,116.00","3,165.00","3,091.60","3,112.30","3,150.00","1,15,820",36.36,"3,363.95","2,193.80",2.05,31.82
DELTACORP,132.1,137,132.1,132.4,134,"37,18,950",50.28,257,104.45,16.7,-46.93
NFL,134.65,138.9,131.75,133.59,135.19,"1,68,57,033",228.95,155.5,65.05,26.39,89.49
RALLIS,335,343,331.35,334,338,"16,43,364",55.65,348.25,201.4,28.02,61.78
JISLJALEQS,72.6,74.5,72.11,71.94,72.8,"54,72,846",40.07,84.19,38.8,14.19,82.13
SANGHVIMOV,"1,094.25","1,103.45","1,077.50","1,087.90","1,100.90","2,76,192",30.22,"1,494.95",483,-6.63,117.73
GLENMARK,"1,282.00","1,303.15","1,272.00","1,281.80","1,297.00","7,12,608",91.84,"1,303.15",647.65,8.98,97.31
KOTAKBANK,"1,806.60","1,838.55","1,801.30","1,810.70","1,832.00","50,68,893",926.05,"1,987.75","1,543.85",5.39,-2.74
JUSTDIAL,"1,023.00","1,041.60","1,021.00","1,021.50","1,033.50","1,49,220",15.38,"1,162.00",693.05,7.88,38.84
EIDPARRY,759.9,767.7,754.05,753.2,762,"3,58,030",27.28,833,452.35,10.73,62.42
CONCOR,"1,025.70","1,046.30","1,024.05","1,022.55","1,034.35","29,49,896",306.01,"1,180.00",645.9,-12.92,53.84
HAL,"5,475.00","5,568.70","5,459.30","5,459.30","5,522.05","37,43,401","2,065.35","5,582.80","1,767.80",3.52,46.67
KRBL,312.25,319.6,309,311.95,315.5,"28,50,996",89.91,470.9,258.15,15.13,-12.15
TATAPOWER,433.95,442.25,433.25,433.85,436.75,"1,06,86,705",467.68,464.2,216.75,-4.97,96.62
SINDHUTRAD,20.41,21.24,19.9,20.37,20.6,"18,92,421",3.84,45.15,16.7,-8.24,-11.05
GRINDWELL,"2,905.90","2,960.00","2,905.90","2,920.15","2,952.95","66,050",19.44,"2,960.00","1,875.20",13.36,31.03
VEDL,468.1,473.45,463.45,463.9,469.1,"1,28,18,706",600.27,506.75,208,1.32,67.14
MPHASIS,"2,569.45","2,619.00","2,564.00","2,569.45","2,598.00","11,97,887",311.33,"2,837.60","1,850.00",12.21,34.14
GMDCLTD,393.5,409.3,392.3,391.7,396.05,"26,40,084",105.95,506,164.1,-3.49,136.82
TORNTPHARM,"2,846.40","2,880.00","2,799.85","2,837.50","2,869.00","3,18,200",90.36,"2,980.00","1,772.05",5.96,51.11
NUCLEUS,"1,444.30","1,456.00","1,425.60","1,428.30","1,444.00","50,287",7.24,"1,822.95",945,18.81,31.18
ABBOTINDIA,"27,800.00","28,127.95","27,549.30","27,598.15","27,901.00","10,482",29.18,"29,638.95","22,000.00",6.39,18.91
IONEXCHANG,652.85,670,639.15,652.85,660,"6,36,788",41.88,686.95,406.95,28.35,55.24
BIRLACORPN,"1,598.00","1,617.40","1,566.20","1,597.90","1,615.00","1,86,592",29.74,"1,802.00","1,060.55",8.24,31.58
TORNTPOWER,"1,505.00","1,517.95","1,503.00","1,496.90","1,512.90","1,62,576",24.6,"1,633.10",588.1,-1.21,153.33
MINDACORP,493,498.3,491,492.65,497.9,"5,47,188",27.05,510,277.5,11.88,73.13
BSOFT,711.95,725.55,711.95,711.3,718.85,"21,51,459",154.99,861.85,343.6,15.96,100.96
NRBBEARING,345.3,354.5,345.3,344.85,348.5,"2,65,941",9.3,401.55,181.5,11.39,84.76
PAGEIND,"38,589.00","38,800.00","38,375.00","38,395.45","38,800.00","7,141",27.54,"42,885.00","33,070.05",5.66,3.43
SAFARI,"2,129.05","2,161.00","2,110.00","2,126.40","2,148.60","39,206",8.37,"2,315.00","1,371.03",8.93,-28.62
SPARC,241,245,238.04,240.27,242.77,"6,63,799",16.06,472.8,196.1,13.5,16.78
SYNGENE,721.9,729.7,713.8,718.15,725.5,"12,67,774",91.55,860.25,607.65,7.85,-3.12
ELECON,"1,342.00","1,364.00","1,338.05","1,336.35","1,350.00","1,65,573",22.34,"1,400.00",611.3,16.16,117.47
COALINDIA,488.75,492.8,485.3,484.95,489.9,"77,96,954",381.47,527.4,226.85,-5.35,109.21
ARVIND,383.4,398.8,382.1,382.1,386,"12,09,706",47.11,398.8,124.65,4.31,175.09
ONGC,275,278.9,273.05,274.7,277.5,"1,34,44,669",371.11,292.95,160,-3.31,70.41
PNBHOUSING,800.8,809.9,795.05,800.55,808.7,"11,73,590",94.43,913.7,559,9.79,41.18
INDIANB,539.9,545,531.5,536.1,541.5,"7,71,114",41.47,632.7,296.6,-11.59,78.52
MUTHOOTFIN,"1,793.90","1,820.00","1,778.05","1,791.30","1,809.15","5,44,984",97.95,"1,856.85","1,182.35",5.02,44.21
REDINGTON,221,223.39,219.31,219.99,222.17,"26,75,339",59.28,237.55,136.2,7.84,13.66
LXCHEM,261.95,267.8,258.2,261.35,263.9,"12,86,222",33.97,320.95,220,8.65,1.2
ACI,731,747.55,723.45,727.15,734.2,"10,19,342",74.92,837.7,494.15,17.78,35.18
ABB,"8,680.00","8,808.70","8,580.15","8,617.85","8,701.00","3,29,126",286.11,"9,149.95","3,850.00",-1.26,97.63
BEL,317.4,318.5,313.05,314.5,317.5,"3,55,91,681","1,126.97",323,121.05,-1.3,157.68
SULA,504.9,505.9,500,498.4,503,"2,80,336",14.09,699,435.55,-1.69,12.2
CARBORUNIV,"1,702.05","1,729.00","1,675.90","1,699.90","1,715.50","1,75,562",30.04,"1,841.15","1,025.60",1.52,41.64
UTIAMC,"1,045.85","1,050.55","1,036.40","1,037.85","1,047.00","1,66,790",17.45,"1,068.00",731.2,12.17,32.76
SUZLON,53.6,55.67,53.37,53.53,54,"6,31,99,465",343.3,55.7,16.65,-,192.51
IBULHSGFIN,170.5,174.8,170.05,169.71,171.2,"64,15,202",110.63,208.9,79.4,5.97,34.48
SIGNATURE,"1,492.80","1,498.00","1,472.00","1,477.05","1,490.00","5,36,455",79.55,"1,498.00",444,11.06,-
GOCOLORS,"1,030.35","1,058.75","1,030.05","1,032.95","1,042.00","23,655",2.47,"1,404.70",933.3,3.06,-8.53
ANANTRAJ,488.95,498,479.15,487.4,491.65,"18,01,620",88.2,498,175.5,22.19,175.21
BRIGADE,"1,427.00","1,429.00","1,374.25","1,368.10","1,380.00","8,65,935",121.37,"1,453.10",550.1,-0.15,141.61
ZENSARTECH,753,769.45,743,745.05,751.5,"9,31,344",70.55,782.5,381.1,23.92,94.33
KAYNES,"4,008.00","4,090.00","3,975.00","3,986.50","4,021.00","1,11,778",45.02,"4,108.00","1,552.00",13.33,152.94
BHARATFORG,"1,650.00","1,680.40","1,627.25","1,657.60","1,671.90","15,11,383",250.62,"1,804.50",832.2,3.07,98.02
NAVINFLUOR,"3,649.80","3,700.00","3,588.50","3,624.30","3,655.35","3,34,561",122.44,"4,724.25","2,875.95",9.71,-20.39
IDFC,120.8,122.6,119.12,120.26,121.29,"48,81,277",58.96,137,105,3.27,8.15
HAPPYFORGE,"1,279.00","1,299.95","1,266.30","1,266.25","1,277.05","62,716",8.03,"1,299.95",813.2,12.11,-
FIEMIND,"1,360.00","1,375.90","1,336.30","1,334.25","1,345.60","1,74,119",23.53,"1,382.95",822,7.44,-24.25
VGUARD,460,469.9,453.55,460.75,464.55,"3,96,077",18.34,469.9,276.25,22.87,62.49
STYLAMIND,"1,958.95","1,991.70","1,949.15","1,951.10","1,967.00","45,084",8.89,"2,025.00","1,414.00",23.97,25.54
INDOCO,346.65,349.7,342.4,344.85,347.65,"76,972",2.67,415,286.6,12.99,5.25
M&M,"2,890.00","2,922.00","2,885.05","2,877.95","2,901.10","15,02,213",436.64,"3,013.50","1,415.75",9.26,96.52
NETWEB,"2,665.00","2,676.75","2,612.60","2,610.05","2,631.00","80,750",21.25,"2,771.95",738.6,8.56,-
HMAAGRO,53.7,54.16,53.15,53.67,54.1,"2,62,761",1.41,84.05,48.1,2.91,-90.84
RBA,107.5,112.5,100.19,107.31,108.15,"1,90,22,388",208.92,137.7,91.5,6.41,-2.62
IDEAFORGE,812,834,809.55,808.7,815,"16,19,254",133.09,"1,343.95",618.8,17.75,-
VTL,487,492,477.8,482.2,485.95,"1,73,175",8.42,504.7,334.4,4.74,32.47
RESPONIND,316.7,324.9,310.85,313.6,316,"6,16,995",19.58,364.95,153.05,0.67,83.98
SUPRAJIT,524.4,525.4,515,521.3,525.25,"1,94,986",10.16,532.7,353.75,17.32,27.02
LEMONTREE,146.25,147.34,145,145.61,146.7,"15,29,173",22.35,158,89.9,3.67,56.65
DCXINDIA,442.7,450,433.25,442.7,446,"28,81,389",127.62,451.9,235.3,40.58,64.85
DEEPAKNTR,"2,678.00","2,705.00","2,617.60","2,660.25","2,680.00","3,86,465",103.13,"2,739.00","1,900.20",18.52,22.53
PCBL,257.4,262,257.4,257.4,259.3,"13,07,351",33.93,343.5,151.25,9.88,58.35
KTKBANK,223.89,225.49,222.41,223.35,224.99,"8,34,022",18.68,286.55,185.05,3.04,18.61
FLUOROCHEM,"3,260.70","3,299.00","3,211.15","3,226.35","3,250.00","90,029",29.49,"3,920.00","2,476.00",4.76,7.56
GSPL,304.65,309,301.9,304.9,307.1,"12,00,619",36.71,406.75,254.5,4.1,5.43
AETHER,911.25,934.5,911.25,920.95,927.55,"61,951",5.73,"1,110.00",761.55,13.17,-13.13
ACCELYA,"1,748.00","1,754.65","1,719.05","1,740.55","1,753.00","13,749",2.39,"2,127.40","1,280.00",8.75,30.93
KANSAINER,270.85,273.8,268.8,268,269.9,"8,97,659",24.28,357.3,251.85,-0.92,-16.01
RELINFRA,186.9,190.7,185.94,185.74,187.05,"29,77,663",56.13,308,134.75,7.21,35.48
DRREDDY,"6,430.00","6,542.00","6,370.10","6,425.90","6,471.10","3,48,849",225.31,"6,542.00","5,076.25",11.11,23.85
KIMS,"2,125.35","2,159.00","2,097.00","2,122.15","2,137.00","65,355",13.96,"2,356.40","1,720.00",15.78,20.85
BANKBARODA,268.05,271.45,265.5,267.85,269.7,"1,29,65,149",348.01,299.7,185.75,-9.8,32.37
HAPPSTMNDS,829,849.4,828,825.75,831.45,"13,13,065",109.9,"1,020.00",741,5.2,-16.39
ASKAUTOLTD,392,397,385.5,393.15,395.85,"3,96,929",15.6,400.1,240.1,27.25,-
LODHA,"1,500.00","1,525.00","1,486.70","1,493.75","1,504.00","3,58,693",54.06,"1,649.95",641.05,4.19,113.59
IRFC,177.85,180.2,176.5,176.48,177.69,"3,53,85,014",630.63,200,32.35,-6.6,433.17
BAJAJ-AUTO,"9,479.90","9,499.00","9,420.35","9,422.40","9,485.00","2,34,656",221.89,"10,038.80","4,541.00",0.93,103.71
SBILIFE,"1,496.40","1,518.85","1,492.25","1,496.35","1,506.10","13,63,288",205.31,"1,569.40","1,251.65",7.54,16.06
NATIONALUM,195.8,198,193.85,193.74,195,"1,13,98,241",223.05,206.3,82.65,-1.25,131.75
FLAIR,318.65,321.9,307.65,316.95,319,"3,44,411",10.88,514.4,246.1,9.26,-
RAMKY,618.2,639,613.1,613.05,617,"3,27,470",20.43,"1,009.05",377.5,23.77,58.41
IOC,170.1,171.3,169.18,169.31,170.4,"2,61,56,046",445.1,196.8,85.5,-3.42,78.88
CERA,"8,986.95","9,113.15","8,929.00","8,987.30","9,044.95","15,797",14.24,"9,740.00","6,591.20",25.52,17.09
GATEWAY,105.48,106.9,105.03,105.03,105.7,"4,38,576",4.64,121.55,70.35,8.11,43.88
LTTS,"5,048.00","5,097.90","5,045.00","5,038.35","5,069.80","1,24,256",63.03,"5,873.35","3,821.70",12.43,27.55
PNCINFRA,490,491.8,479.2,487.25,490.25,"7,50,586",36.53,574.8,310.1,-10.76,48.33
SIEMENS,"7,803.05","7,948.90","7,743.45","7,803.05","7,851.00","2,82,942",222.13,"7,948.90","3,246.00",7.27,110.71
MFSL,"1,005.00","1,023.75",999.65,996.95,"1,003.00","10,39,890",105.05,"1,092.00",763,6.36,25.26
SBICARD,716,724.55,712.3,715.25,719.55,"11,20,401",80.57,892.85,647.95,1.43,-14.74
CIEINDIA,598.9,601.95,590.6,595.45,599,"2,24,945",13.43,609.85,406.8,10.71,13.22
BANKINDIA,119,119.3,117.5,118.3,119,"83,46,070",98.65,157.95,76.7,-12.73,47.41
VMART,"3,054.60","3,115.00","3,018.05","3,057.05","3,075.05","19,465",5.99,"3,115.00","1,595.00",42.24,35.56
AARTIIND,715.15,728,706.5,714.4,718.6,"10,87,271",78.3,769.25,438,14.26,45.59
BERGEPAINT,511,516.95,507.6,510.7,513.7,"11,38,953",58.44,679.75,439,8.25,-23.83
PRICOLLTD,489.9,500.7,486.2,486.15,489,"4,57,255",22.48,515,211,10.72,121.48
TITAGARH,"1,797.50","1,798.80","1,764.00","1,779.70","1,790.00","9,50,619",169.41,"1,896.95",482,19.24,245.67
HINDCOPPER,328,328.9,325,325.3,327.15,"48,84,103",159.65,415.8,115.75,-12.2,177.68
CRISIL,"4,285.90","4,385.00","4,273.00","4,285.90","4,310.00","25,199",10.86,"5,268.50","3,660.70",5.98,9.98
PFC,536.8,544.75,530.7,531.05,534,"1,71,03,459",917.67,559,173.24,-4.28,140.02
INTELLECT,"1,102.60","1,102.60","1,080.00","1,093.00","1,099.00","1,79,691",19.62,"1,199.00",572,20.61,79.15
ORISSAMINE,"7,345.00","7,649.00","7,266.55","7,346.90","7,386.90","30,327",22.61,"8,500.00","3,576.05",27.01,93.92
RVNL,419,430.95,417.25,416.95,419.2,"2,06,54,664",873.51,431.8,117.05,3.07,241.9
ZYDUSWELL,"2,070.65","2,123.95","2,061.95","2,070.65","2,081.70","1,05,241",22.05,"2,123.95","1,425.05",20.07,39.82
CHAMBLFERT,516,525.65,510,515.35,518,"33,08,605",171.63,574.35,250.05,26.59,89.33
TI,244.35,251.8,242.5,243.85,245.1,"8,91,780",22.14,291.4,142.3,3.44,57.63
MIDHANI,469.1,490,469,469.1,471.5,"35,01,522",167.83,547.5,285.5,4.13,62.85
SHREECEM,"27,548.00","27,554.90","27,170.00","27,383.90","27,523.00","40,849",111.98,"30,737.75","23,026.00",8.2,13.71
MOTHERSON,205.78,208.88,205,205.58,206.6,"2,21,80,243",459.24,208.88,84.8,37.56,141.43
COLPAL,"2,894.25","2,907.50","2,871.60","2,878.55","2,892.60","1,68,128",48.53,"3,069.05","1,660.00",7.12,68.79
GNFC,727.15,738.9,712.7,723.5,727,"23,34,212",170.2,814.9,532,9.14,21.84
SRF,"2,390.00","2,415.00","2,371.75","2,381.50","2,393.00","2,76,779",66.22,"2,693.95","2,040.00",5.12,4.71
ANANDRATHI,"3,883.00","3,902.50","3,860.50","3,881.40","3,900.00","18,909",7.35,"4,299.95",867,-5.17,345.88
GMRINFRA,96.9,98.2,96.5,96.54,97,"1,39,21,325",135.37,101.25,43.15,9.33,121.68
VBL,"1,614.00","1,625.00","1,605.55","1,613.45","1,621.00","9,69,338",156.71,"1,672.00",784.9,10.2,100.67
JINDWORLD,345.35,353,343.1,342.3,343.8,"40,133",1.39,436.95,267.75,0.63,11.28
VIPIND,479.7,480.95,475.5,477.75,479.8,"1,57,716",7.55,722.85,428.5,-1.76,-21.76
LATENTVIEW,509.6,510,503,503.4,505.55,"1,49,870",7.59,567.1,356.2,5.68,-
EPIGRAL,"1,560.40","1,579.25","1,509.00","1,560.35","1,567.00","1,42,633",22.02,"1,584.00",862.05,28.93,-
PDSL,547,554.85,543,548.7,551,"45,979",2.52,666,315.95,27.55,58.97
GULFOILLUB,"1,318.00","1,349.00","1,296.20","1,312.60","1,318.00","4,10,511",54.52,"1,349.00",461,39.54,179.28
CGPOWER,724.9,734,718,720.3,723.2,"11,92,287",86.46,735,359.2,4.96,90.03
PVRINOX,"1,461.00","1,482.00","1,455.30","1,461.00","1,466.85","3,99,996",58.88,"1,875.45","1,204.20",9.98,6.33
JINDALSTEL,"1,058.00","1,063.00","1,047.40","1,050.30","1,054.50","8,85,590",93.38,"1,097.00",581.6,-0.68,72.43
NUVOCO,356.8,362.1,355.45,356.6,358,"3,87,999",13.9,398,291.3,8.04,0.86
GOKEX,948,994.7,945.6,959.3,963,"3,12,373",30.58,"1,022.95",480,14.89,97.83
CAPLIPOINT,"1,449.00","1,449.00","1,421.60","1,429.50","1,435.00","1,18,767",16.94,"1,619.05",783.05,11.2,80.93
ECLERX,"2,475.15","2,563.00","2,473.15","2,518.50","2,528.00","1,06,289",26.7,"2,828.00","1,582.00",14.93,53.45
STARCEMENT,211.1,211.5,209,210.03,210.8,"2,13,762",4.49,256,140.1,-2.38,46.52
CREDITACC,"1,369.00","1,369.00","1,325.00","1,325.15","1,330.00","4,36,213",58.26,"1,796.00","1,190.10",0.44,5.89
RAJESHEXPO,289.55,290.5,287.25,287.75,288.8,"2,29,548",6.63,560,261,-0.21,-45.53
GICRE,388,392.95,383.05,385.75,387.15,"16,20,511",62.72,467.8,182.3,4.16,109.7
WELENT,483,486,474.75,483.25,485,"2,31,480",11.14,497,195.15,5.55,146.12
APOLLOHOSP,"6,200.95","6,244.00","6,161.00","6,192.70","6,215.10","2,22,050",137.98,"6,874.45","4,726.00",5.84,21.19
EASEMYTRIP,42.1,42.55,41.76,41.9,42.05,"95,65,673",40.24,54,37,-0.83,0.72
TEXRAIL,253.9,257.4,249.01,253.11,254,"56,04,324",142.18,266.69,74.5,21.89,233.7
AARTIDRUGS,534.2,545,533.05,533.25,535.05,"1,98,952",10.71,645.75,431.05,9.14,16.27
BHARTIARTL,"1,418.00","1,441.10","1,411.50","1,419.85","1,424.45","95,70,938","1,362.64","1,536.25",847.05,2.07,64.12
AZAD,"1,853.85","1,862.50","1,834.05","1,839.05","1,845.00","60,898",11.25,"2,080.00",642.4,19,-
ALKEM,"4,976.10","5,019.00","4,955.25","4,970.75","4,986.75","1,06,334",53.07,"5,578.80","3,447.00",3.08,42.23
IGL,518.9,522.4,514,517.45,519.1,"12,07,548",62.48,537.5,375.7,10.34,8.25
IFCI,61,62.69,60.66,60.71,60.9,"1,59,67,234",98.42,71.8,11.8,-0.31,410.17
IDFCFIRSTB,81.47,82.1,80.14,80.88,81.13,"2,71,53,022",219.94,100.7,70.8,3.56,2.84
NAVNETEDUL,158.8,160.47,155.4,158.32,158.8,"3,59,329",5.68,175.9,120,8.74,29.45
3MINDIA,"39,485.20","39,959.85","39,202.60","39,411.85","39,531.00","11,808",46.78,"40,856.50","26,628.00",16.55,45.55
TRITURBINE,646.15,651.95,636,645.1,647,"4,90,240",31.54,676.1,312,10.6,62.07
ZENTEC,"1,467.95","1,486.35","1,362.00","1,429.80","1,434.00","14,66,418",208.19,"1,486.35",411.4,44.35,244.24
VIJAYA,793.25,807.85,782.75,788.9,791.15,"89,572",7.1,880,437.25,-2.45,67.46
EIHOTEL,424.2,430,422.1,423.75,424.95,"4,23,717",18.07,502.2,203.3,0.36,102.22
HINDALCO,697.7,705.75,690.55,691.65,693.5,"59,24,057",413.9,715.25,417.15,-0.62,62.44
SOUTHBANK,27,27.05,26.66,26.77,26.84,"1,40,61,989",37.73,37.18,18.06,-3.53,35.89
KSCL,966,969.9,955.05,959.5,962,"60,480",5.82,"1,039.55",510.1,10.91,67.2
NTPC,373.9,380.85,371.75,372.65,373.6,"1,49,16,930",560.5,393.2,184.75,-4.89,92.04
HIKAL,337.7,343.45,333.2,336.8,337.65,"3,31,643",11.22,356.7,250.1,18.24,8.59
YESBANK,23.99,24.4,23.81,23.93,23.99,"14,93,88,062",359.43,32.85,15.7,1.61,42.44
DCAL,172.6,174.02,170.44,172.12,172.55,"3,56,560",6.15,283,133,11.88,22.42
SUMICHEM,494.95,500.9,491.35,493.55,494.75,"5,75,020",28.57,517.7,336.1,6.32,10.79
SAPPHIRE,"1,586.00","1,603.20","1,575.10","1,586.25","1,589.95","47,740",7.61,"1,680.00","1,213.00",11.49,12.89
NEULANDLAB,"7,647.00","7,790.00","7,563.00","7,647.35","7,665.00","20,428",15.75,"8,079.00","2,786.10",25.07,157.87
ASIANPAINT,"2,940.00","2,968.45","2,923.00","2,925.55","2,932.25","9,68,666",285.29,"3,568.00","2,670.10",2.06,-12.61
CDSL,"2,338.00","2,364.45","2,315.00","2,319.65","2,324.80","15,46,906",361.09,"2,538.65","1,107.35",7.6,102.74
ITC,430,431.5,427.05,428.3,429.25,"91,27,340",391.92,499.7,399.35,-0.48,-8.16
BSE,"2,458.00","2,499.00","2,454.00","2,457.75","2,463.00","5,38,942",133.36,"3,264.70",662,-9.24,265.3
UFLEX,567.85,576.8,560.25,564.45,565.65,"4,51,202",25.68,576.8,370.95,32.47,33.66
KALYANKJIL,490.65,495.95,486,488.9,489.9,"8,20,820",40.23,546,140.5,25.05,232.47
ROUTE,"1,780.00","1,817.95","1,763.05","1,771.60","1,775.00","2,48,183",44.32,"1,930.00","1,386.05",21.3,10.01
NMDC,253.5,255.4,250.83,251.22,251.7,"1,32,92,695",335.72,286.35,106.4,-6.23,134.57
PAISALO,74,75.1,73.31,74.26,74.4,"12,98,320",9.63,99.63,23.85,13.29,50.02
MOTILALOFS,565,569.95,560.9,562.25,563.3,"6,75,539",38.11,722,179.03,-76.32,-21.71
AVALON,540,544.5,535.2,537,538,"66,118",3.57,732.1,449.25,9.73,-10.6
HAVELLS,"1,887.50","1,908.90","1,875.10","1,878.90","1,882.00","7,38,610",139.69,"1,985.40","1,232.85",-0.02,47.07
NAZARA,918,918,900.25,912.5,914,"3,71,292",33.76,989.4,591.5,15.69,28.59
IRCTC,"1,009.80","1,016.90","1,002.60","1,004.25","1,005.90","14,98,265",151.26,"1,138.90",614.35,-4.74,59.73
MMTC,85.9,88.1,83.91,85.66,85.8,"1,58,53,825",136.06,101.9,31.75,16.94,168.53
GPIL,"1,113.00","1,129.00","1,101.00","1,106.40","1,108.20","1,45,852",16.28,"1,174.50",507.55,12.9,111.45
MARICO,613.6,613.6,605.65,607.5,608.45,"20,66,331",125.73,667.2,486.3,2.26,15.4
BIOCON,362.95,367.15,355.7,361.45,362,"46,58,012",168.11,367.15,217.5,16.73,37.67
INDIGO,"4,279.00","4,324.00","4,267.05","4,279.00","4,285.05","6,69,475",287.68,"4,609.80","2,333.35",-0.44,64.98
NSLNISP,58,58.62,57.55,57.7,57.78,"58,35,525",33.82,73.7,39.15,-7.46,33.87
HINDPETRO,331,334.55,328.6,329.75,330.2,"35,75,516",118.21,396.53,159.47,-43.38,18.15
INFIBEAM,30,30.43,29.81,29.95,29.99,"88,83,194",26.72,42.5,13.7,-1.32,88.36
CANBK,117.7,118,116.35,117.05,117.19,"2,01,10,432",235.67,128.9,63.51,-8.73,-63.61
TTML,76.91,77.93,76.5,76.61,76.7,"22,29,593",17.15,109.1,65.05,1.81,0.87
MAITHANALL,"1,262.10","1,287.95","1,255.05","1,255.60","1,257.00","85,023",10.8,"1,359.00",955,7.73,26.66
SCHAEFFLER,"4,690.00","4,715.95","4,651.45","4,665.45","4,670.00","71,811",33.61,"4,951.00","2,612.20",3.46,52.93
BORORENEW,519.95,522,510.7,515.95,516.45,"3,34,933",17.25,669.35,391.05,7.04,2.85
GRAVITA,"1,457.90","1,480.00","1,435.00","1,451.40","1,452.80","1,04,852",15.26,"1,635.00",595.05,35.45,135.06
QUESS,642.1,647.95,634.8,638.9,639.5,"1,66,105",10.65,670.4,397.7,13.18,46.22
DATAPATTNS,"3,200.00","3,224.95","3,120.05","3,175.05","3,178.00","6,23,284",198.29,"3,443.90","1,735.00",6.75,69.29
CIPLA,"1,477.75","1,488.95","1,467.00","1,483.75","1,485.00","14,98,413",221.39,"1,582.00",996.5,2.16,46.64
ORIENTCEM,322,322.5,303.35,306.25,306.5,"56,83,732",177.56,330,129.35,44.97,134.94
ITI,310.4,314.2,308.9,308.85,309.1,"8,52,498",26.48,384.3,106.4,1.11,187.97
DIXON,"12,770.00","12,865.00","12,590.00","12,648.85","12,659.00","4,55,066",578.14,"12,879.00","3,953.00",27.95,190.23
FEDFINA,125.45,125.69,123.39,124.9,125,"2,59,676",3.24,153.6,108.75,4.96,-
NATCOPHARM,"1,228.00","1,237.80","1,212.15","1,217.05","1,218.00","7,23,295",88.36,"1,259.45",667.8,21.66,75.68
TATASTEEL,177,178.19,175.82,176.37,176.5,"2,95,04,744",521.76,184.6,111.25,1.22,56.91
PGHH,"16,612.90","16,693.15","16,500.00","16,612.90","16,624.00","3,093",5.13,"19,250.00","14,334.70",3.73,13.66
TRIVENI,393.95,401.5,391,391.95,392.2,"4,59,392",18.16,427,267.5,17.77,41.04
BECTORFOOD,"1,410.00","1,417.30","1,385.85","1,399.25","1,400.00","1,07,342",15,"1,565.95",786.5,9.62,72.17
TATACHEM,"1,107.00","1,120.00","1,100.50","1,103.45","1,104.00","11,02,773",122.27,"1,349.00",933,4.02,9.59
RADICO,"1,732.00","1,739.00","1,718.75","1,724.15","1,725.00","97,667",16.87,"1,885.10","1,141.25",6.64,29.66
FUSION,463,463.2,458.8,460.8,461,"1,14,510",5.28,691,416.2,-0.83,-18.49
PNB,122.2,122.38,120.49,121.64,121.69,"2,01,17,728",244.57,142.9,53.75,-11.21,113.22
RELIANCE,"3,114.00","3,135.00","3,101.60","3,104.85","3,106.00","34,18,588","1,065.57","3,162.00","2,220.30",2.79,19.94
WONDERLA,917,920,910,916.7,917,"35,715",3.27,"1,105.90",547.45,7.3,66.61
ACE,"1,534.55","1,549.00","1,514.85","1,526.55","1,527.00","3,47,075",53.13,"1,695.00",482.3,5.27,215.57
CCL,595.45,595.45,587.45,588.75,588.9,"1,29,473",7.63,749.5,551.6,1.77,-12.91
SUNDARMFIN,"4,593.70","4,697.45","4,575.60","4,597.15","4,598.00","40,181",18.57,"4,998.00","2,493.10",3.59,74.45
GESHIP,"1,249.85","1,274.75","1,230.10","1,237.85","1,238.00","10,53,547",131.47,"1,274.75",718.05,16.22,70.56
JINDALSAW,558,564.5,550.45,553.95,554,"5,44,355",30.3,598,262.75,0.61,103.17
UNOMINDA,"1,174.00","1,185.55","1,151.10","1,163.95","1,164.00","7,67,688",89.39,"1,207.30",548.6,32.58,108.57
TMB,484.6,486.95,478.55,481,481,"1,55,493",7.5,611.35,416.05,5.16,11.77
OFSS,"10,431.25","10,529.95","10,375.00","10,431.25","10,430.20","2,20,337",230.63,"10,529.95","3,737.25",37.92,172.15
MHRIL,456.4,458.85,451.55,454.05,454,"92,644",4.22,505,294.85,13.73,52.54
GLAND,"1,814.65","1,828.00","1,805.00","1,810.20","1,810.00","1,72,326",31.22,"2,194.00","1,042.00",-2.17,72.1
POWERGRID,337,338.7,333.9,335.15,335.1,"1,28,78,827",432.72,348.7,177.53,-0.74,34.27
SURYAROSNI,676.95,689.95,668.85,675.15,675,"6,02,826",40.97,841.65,364.53,12.5,-15.05
ABCAPITAL,238.65,240.55,236.21,237.56,237.5,"33,14,005",78.86,246.9,155,3.49,22.61
TDPOWERSYS,385.55,389.85,381.65,385.2,385.1,"4,55,213",17.61,397.5,226.05,12.78,59.54
IMFA,744,746.95,737.05,740.2,740,"55,013",4.07,880,321,3.68,127.54
JIOFIN,352,356.85,350.3,351.3,351.2,"1,19,44,846",421.56,394.7,202.8,-1.35,-
INDIAMART,"2,706.00","2,720.75","2,678.35","2,696.95","2,696.00","80,525",21.76,"3,335.55","2,230.00",10.3,-3.51
DELHIVERY,399,399.7,395.2,399.4,399.25,"30,49,295",121.2,488,354.2,2.42,1.47
APTUS,345,350,341.25,343.4,343.25,"4,96,267",17.16,392,244.6,10.22,39.51
FACT,"1,020.00","1,065.40","1,007.05","1,014.45","1,014.00","20,15,054",209.13,"1,187.00",413.15,44.56,115.02
TATATECH,"1,013.35","1,013.35","1,006.20","1,009.75","1,009.25","4,60,871",46.53,"1,400.00",982.25,-2.49,-
CESC,160.01,160.66,156.87,159.07,158.99,"33,45,297",53.18,171.2,72.5,4.51,118.05
PEL,947,950.8,932.5,943.6,943.1,"16,74,508",157.78,"1,139.95",736.6,15.45,0.72
MSUMI,73.38,74.48,72.92,73.12,73.08,"62,02,474",45.64,80,57.35,8.09,25.74
UNIONBANK,137.05,137.26,134.9,136.18,136.1,"97,03,546",131.59,172.5,73.85,-19.89,78.71
ROSSARI,835.8,842.7,822.65,827.5,827,"1,29,904",10.79,903.85,656.95,19.96,-2.56
OIL,499,506,489.35,495.3,495,"27,22,700",134.68,512,163.07,-26,100.97
BHEL,313.8,317.3,309.5,311.3,311.1,"3,14,57,159",986.62,322.5,86.65,-0.05,258.23
TATAINVEST,"6,599.30","6,670.00","6,585.00","6,599.30","6,594.95","20,763",13.74,"9,756.85","2,280.00",2.71,181.83
PATANJALI,"1,636.00","1,663.80","1,628.00","1,632.35","1,631.00","10,28,498",169.4,"1,764.40","1,165.10",11.62,-
INDIGOPNTS,"1,399.95","1,399.95","1,358.50","1,387.60","1,386.40","33,087",4.58,"1,679.95","1,250.00",2.64,-3.39
THERMAX,"5,320.00","5,355.00","5,258.55","5,294.55","5,289.95","47,737",25.26,"5,699.95","2,231.85",-6.43,134.74
TANLA,971.95,974,962.05,966.85,966,"2,55,269",24.7,"1,317.95",782.05,5.16,-5.93
JCHAC,"2,008.85","2,025.05","1,975.00","2,002.80","2,001.00","43,265",8.64,"2,100.00",938,10.32,93.73
MANYAVAR,"1,134.95","1,145.00","1,117.90","1,125.90","1,124.75","2,24,954",25.48,"1,487.90",886.05,8.11,-7.77
BLUEDART,"8,239.00","8,239.00","8,075.00","8,193.50","8,185.05","7,997",6.53,"8,317.00","5,486.60",13.25,12.53
MCX,"3,934.25","3,981.00","3,864.00","3,934.25","3,930.00","3,31,081",129.92,"4,270.00","1,480.55",7.87,163.7
ANGELONE,"2,351.80","2,365.00","2,322.00","2,343.60","2,341.00","6,91,807",162.29,"3,896.00","1,452.00",-9.08,32.08
INDIAGLYCO,919,937.15,907,916,914.9,"1,33,537",12.27,976,590.55,19.64,45.87
VAIBHAVGBL,321.4,323.8,318.7,321.4,321,"3,27,501",10.52,542.4,262.65,-2.1,3.81
IDBI,84.39,84.47,83.4,83.93,83.82,"30,56,621",25.65,98.7,55.8,-8.42,47.76
ELECTCAST,186.8,189,183.05,185.75,185.5,"9,20,047",17.1,208,54.15,12,209.07
FORTIS,473.9,479.95,464.6,470.45,469.8,"56,84,718",268.56,509.85,308.5,2.42,49.54
FEDERALBNK,182.95,182.95,178,181.46,181.2,"98,60,769",177.89,183.3,126.45,10.41,37.47
MRF,"1,28,975.00","1,29,150.00","1,27,830.05","1,28,927.90","1,28,735.00","4,989",64.15,"1,51,445.00","99,000.00",1.54,30.03
MEDANTA,"1,274.40","1,286.30","1,265.50","1,271.95","1,270.00","2,55,785",32.64,"1,513.90",655.65,9.06,86.82
EICHERMOT,"4,692.30","4,725.00","4,662.00","4,692.30","4,685.00","3,13,153",146.93,"4,976.00","3,160.00",0.46,37.94
SANOFI,"6,680.00","6,680.00","6,567.00","6,584.55","6,573.95","63,797",42.31,"10,524.95","5,892.80",-25.03,-5.61
VSTTILLERS,"4,205.00","4,210.45","4,129.60","4,183.00","4,176.00","7,503",3.12,"4,392.00","2,810.00",21.39,45.88
MANAPPURAM,209,209.95,207.43,208.35,208,"33,28,690",69.51,214.63,122.6,20.12,62.39
IDEA,17.51,17.74,17.28,17.47,17.44,"64,46,74,371","1,128.18",19.18,7.15,9.19,134.5
AXISBANK,"1,288.00","1,293.00","1,268.50","1,280.00","1,277.80","48,17,380",617,"1,310.00",927.15,4.58,31.86
SBIN,843,844.9,834.3,839.95,838.5,"1,33,72,587","1,123.23",912,543.2,-7.25,42.55
GRAPHITE,582,587.15,576.5,578.1,577.1,"7,36,182",42.78,709.4,392.9,0.23,46.56
MARKSANS,166.5,168.19,165.04,166.44,166.15,"7,50,425",12.5,185.5,90.6,14.2,79.55
HEROMOTOCO,"5,594.00","5,603.95","5,530.60","5,579.75","5,570.00","6,76,316",376.22,"5,894.55","2,890.00",8.12,84.16
INGERRAND,"4,548.05","4,580.00","4,483.20","4,548.05","4,540.00","1,14,032",52.16,"5,000.00","2,718.05",2.9,63.8
MSTCLTD,881,889.45,863.5,875.55,874,"2,04,849",17.91,"1,165.00",335.25,-5.13,160.12
ESCORTS,"4,110.05","4,149.75","4,095.20","4,117.35","4,110.00","98,914",40.72,"4,409.55","2,192.00",5.83,86.18
PIIND,"3,797.35","3,817.00","3,770.00","3,797.35","3,790.50","2,50,912",95.17,"4,040.00","3,220.00",4.16,-1.2
SPANDANA,744.9,746,736.25,742.35,741,"1,32,288",9.79,"1,243.20",678.05,-5.06,5.02
GODREJCP,"1,371.90","1,382.95","1,360.25","1,368.00","1,365.50","3,60,720",49.49,"1,467.10",959.8,4.71,28.83
PRINCEPIPE,691.95,694.5,685.5,695.2,693.9,"1,14,600",7.9,776,521.35,13.19,5.79
DREAMFOLKS,481.1,485.5,480.6,481.95,481,"1,00,242",4.83,847,440,1.97,-25.19
VOLTAS,"1,455.95","1,456.95","1,437.45","1,451.85","1,448.95","10,24,620",148.04,"1,560.00",745,3.24,91.27
POONAWALLA,419,422.9,414,416.85,416,"39,58,118",165.97,519.7,336.3,-7.56,16.2
OLECTRA,"1,817.70","1,824.80","1,800.00","1,808.80","1,805.10","4,00,569",72.51,"2,221.95",975,0.22,82.81
ICICIPRULI,639.4,643.75,630.95,634.4,633.1,"15,24,230",97.08,643.75,463.45,14.92,12.16
TRIDENT,38.68,38.7,38.25,38.38,38.3,"55,96,531",21.48,52.9,31.6,4.01,15.43
VRLLOG,596,598.45,586.55,594.25,593,"3,67,438",21.75,799,511.25,7.63,-15.62
OBEROIRLTY,"1,808.95","1,809.90","1,779.35","1,797.95","1,794.15","2,99,163",53.77,"1,953.05",988,-4.56,81.42
LTF,194,194.2,187.84,188.7,188.3,"1,36,15,915",258.33,194.25,116.5,18.16,-
BALRAMCHIN,430.05,435,426.85,428.95,428,"10,02,901",43.13,485.9,343.5,9.68,12.19
NCC,342.5,344.8,335,341,340.2,"58,00,573",196.92,347.6,120.25,9,182.05
ENDURANCE,"2,775.00","2,790.00","2,742.00","2,750.65","2,744.15","92,557",25.55,"3,061.30","1,540.05",22.89,66.24
RKFORGE,959,976.6,946.05,958.95,956.5,"17,08,687",164.23,976.6,436,35.2,114.94
AIAENG,"4,253.15","4,273.95","4,215.00","4,246.00","4,235.00","21,926",9.3,"4,630.00","3,100.75",15.26,35.38
RHIM,635.95,643.2,633,634.8,633.15,"1,03,929",6.61,824,504.25,-10.94,1.06
GRINFRA,"1,820.20","1,841.95","1,776.70","1,807.40","1,802.70","52,609",9.51,"1,860.00","1,024.95",10.46,40.15
NESTLEIND,"2,560.00","2,565.00","2,542.05","2,551.50","2,544.70","3,13,676",80.02,"2,769.30","2,145.00",8.34,-88.72
KOLTEPATIL,430.45,433.6,425.05,427.15,426,"1,34,300",5.76,585,347.45,-6.32,20.49
METROBRAND,"1,240.75","1,274.55","1,210.65","1,240.10","1,236.65","1,11,302",13.79,"1,441.20",950,7.77,29.49
SUDARSCHEM,929.55,942.5,917.35,924.7,922.1,"2,51,334",23.35,964,437.1,20.33,88.31
UPL,575,579.95,568.65,572.15,570.5,"21,48,117",123.16,688.55,447.8,8.33,-15.48
MEDPLUS,694.9,697,685.05,690,688,"86,516",5.97,978,598.6,-4.44,-16.8
ETHOSLTD,"2,878.35","2,899.00","2,850.00","2,878.40","2,870.05","21,875",6.3,"3,044.00","1,385.10",17.54,93.63
MTARTECH,"1,945.45","1,947.00","1,903.30","1,925.65","1,920.00","3,63,145",69.93,"2,920.35","1,600.00",6.03,1.52
BALMLAWRIE,279,279,270,272.6,271.8,"4,25,937",11.63,320.45,129.4,-2.49,103.43
GLAXO,"2,617.00","2,660.00","2,567.65","2,603.70","2,596.00","1,22,152",31.96,"2,760.00","1,377.25",4.37,83.26
DEVYANI,167.5,169.29,166.7,168,167.5,"6,86,359",11.51,227.5,142.25,9.84,-10.64
ESAFSFB,53.4,53.4,52.1,52.9,52.74,"10,22,442",5.4,82.4,49,-1.58,-
GUJALKALI,790,795,777.55,786.4,784,"59,377",4.67,868.8,623,-0.43,16.56
ANURAS,766.8,767.5,763,766.8,764.45,"52,569",4.02,"1,106.30",720.4,-0.92,-23.15
SAMHI,189.8,190.93,187,188.48,187.9,"8,89,019",16.76,237.85,127.25,3.7,-
UCOBANK,54.27,54.55,53.75,54.13,53.96,"53,39,473",28.87,70.65,27,-12.41,90.6
BLUESTARCO,"1,616.60","1,625.50","1,591.20","1,608.30","1,603.20","3,14,594",50.41,"1,797.95",701.7,0.53,107.58
PTC,213.9,214.52,211.51,213.18,212.5,"14,56,440",31.01,254.6,109.2,-2.79,87.41
CYIENT,"1,849.75","1,849.80","1,810.00","1,830.90","1,825.05","12,95,955",236.51,"2,458.95","1,392.10",5.79,21.05
KARURVYSYA,205,206.5,203.4,206.17,205.51,"10,08,134",20.69,219.9,115.6,3.68,60.57
SAIL,153,153.61,150.66,151.62,151.13,"2,99,26,272",455.93,175.35,81.8,-8.85,73.78
JBMA,"2,153.05","2,168.00","2,136.20","2,143.20","2,136.20","1,63,588",35.2,"2,428.35","1,113.35",2.35,46.38
PRAJIND,735.9,745,727.55,734.4,732,"7,29,601",53.77,757.95,365.95,33.76,98.49
TIRUMALCHM,316.25,325.8,308.6,316.05,315,"10,33,701",32.63,331,184.8,24.14,60.47
HSCL,412.4,412.4,401.3,405.35,404,"6,67,226",27.04,418.5,125.5,18.89,215.69
EXIDEIND,570,570.7,563.55,568.9,567,"24,24,207",137.38,620.35,236.1,12.68,137.59
EDELWEISS,65.99,65.99,65.2,65.68,65.46,"15,32,203",10.03,87.8,43.7,-10.88,31.23
UNIPARTS,522,527.9,518.05,521.25,519.5,"99,899",5.22,722.65,454,7.01,-6.84
GODREJAGRO,800,809.9,781.05,803.15,800.4,"6,75,572",53.76,841.95,446.35,53.01,72.28
PETRONET,333,335.95,330.55,333.95,332.8,"27,70,767",92.15,341,191.7,5.43,49.02
LTIM,"5,479.80","5,520.00","5,445.00","5,466.40","5,447.50","2,55,625",139.84,"6,442.00","4,513.55",17.57,4.11
GMMPFAUDLR,"1,413.05","1,413.05","1,400.00","1,409.85","1,404.95","1,36,449",19.15,"1,897.95","1,143.10",16.05,-4.44
COROMANDEL,"1,592.00","1,598.45","1,567.20","1,583.60","1,578.00","1,54,335",24.4,"1,688.45",921.25,18.07,65.49
DIVISLAB,"4,559.15","4,577.40","4,521.70","4,559.15","4,543.00","2,42,990",110.45,"4,648.45","3,295.30",5.49,28.42
TATAELXSI,"7,114.00","7,127.75","7,070.00","7,096.15","7,071.00","65,868",46.69,"9,200.00","6,411.20",2.14,-5.56
JKIL,907,917.3,894.75,900.2,897,"4,41,039",39.86,936.8,299.45,16.15,195.49
MARUTI,"12,135.00","12,210.00","12,071.80","12,123.65","12,080.00","2,99,684",363.16,"13,073.95","9,254.15",-2.83,25.67
KFINTECH,766.8,768.55,743.1,761.75,759,"4,24,236",31.79,822,350.55,5.86,108.33
GREENPANEL,331,335,326.05,331.7,330.5,"2,70,697",8.95,449.9,267.95,12.27,-2.14
GHCL,569.15,572.5,556.55,566.3,564.25,"1,88,015",10.66,659.9,434.95,11.94,10.06
ELGIEQUIP,743.15,747,728.05,737.1,734.35,"1,06,270",7.81,798.95,463,22.47,36.75
MAHABANK,64.09,64.23,63.5,63.84,63.6,"1,12,44,425",71.76,73.5,29.4,-11.94,108.97
CAMPUS,303.2,305.6,297.4,300,298.85,"9,92,700",29.86,338.9,213,8.99,-2.57
AMIORG,"1,405.85","1,408.00","1,371.80","1,390.40","1,385.05","2,52,753",35.12,"1,469.00","1,004.45",14.85,10.58
EMAMILTD,741,744.7,732,736.4,733.55,"5,62,535",41.6,775,410,16.13,73.7
DLF,842,847,833.65,841.15,837.8,"18,17,264",152.75,967.6,463.05,-3.22,71.73
SPLPETRO,789.9,793.75,770.15,788,784.85,"40,799",3.2,820.8,409,19.34,79.09
GSFC,245.25,250,242.5,244.85,243.85,"50,70,624",124.81,322.25,146.15,11.78,50.72
ASTRAMICRO,953,965,939,948.45,944.5,"6,85,212",65.17,"1,059.00",341.55,8.79,152.75
PSPPROJECT,680.6,690,677.55,680.6,677.75,"1,62,204",11.11,846,599.9,1.39,-5.62
PRESTIGE,"1,802.20","1,825.65","1,776.25","1,799.70","1,792.00","10,16,524",183.2,"2,074.80",521.2,3.72,212.77
GUJGASLTD,637,637.85,628.2,637.85,635.1,"8,16,689",51.62,663.4,397.05,12.01,34.92
GAIL,221,221.79,217.28,220.14,219.18,"1,50,67,769",330.29,233.2,105.9,-4.62,106.61
INDIACEM,288,289.8,280.65,287.65,286.35,"44,92,376",127.55,307.9,172.55,33.39,35.65
J&KBANK,115.2,115.94,113.82,114.52,114,"25,27,071",29,152.5,60.4,-15.55,74.57
DCMSHRIRAM,"1,015.00","1,019.95","1,004.50","1,015.70","1,011.00","33,065",3.34,"1,175.00",826.3,3.59,15.17
EMIL,227.02,230.8,225.01,228.66,227.6,"3,10,177",7.09,250,84.1,8.09,161.33
RTNPOWER,17.1,17.54,17.05,17.25,17.17,"2,43,75,181",41.95,21.1,4.3,-,231.73
GRWRHITECH,"2,597.30","2,629.90","2,527.00","2,569.95","2,558.00","92,003",23.59,"2,640.00",817.75,42.66,191.41
ADANIPOWER,717,718.9,710,715.25,711.9,"20,57,045",146.98,895.85,235.85,-18.21,189.46
STAR,962.8,965,945.75,955.8,951.3,"79,317",7.56,993.85,412.1,11.28,97.64
IOB,63.78,64,63,63.45,63.15,"60,53,776",38.39,83.75,24.5,-13.32,146.41
BAJAJCON,265.05,265.75,261.2,263.3,262.05,"2,49,507",6.55,275,188.2,14.18,37.35
JAICORPLTD,401.4,414,395.6,399.1,397.2,"32,38,436",131.13,438.3,167.55,32.24,134.83
ZEEL,151,152.29,148.4,150.82,150.1,"1,12,53,890",168.64,299.7,125.5,-3.51,-17.34
CENTRALBK,62.78,62.98,62.06,62.52,62.22,"46,36,050",28.96,76.9,29,-13.53,104.31
CHOLAHLDNG,"1,483.00","1,499.90","1,432.95","1,467.15","1,460.00","5,27,517",77.39,"1,649.80",885.1,32.55,55.04
AWL,336.05,337.7,333.5,335.65,334,"8,96,649",30.01,422.7,285.8,-8.85,-17.71
HINDUNILVR,"2,515.05","2,536.85","2,492.90","2,510.35","2,497.90","19,77,010",495.51,"2,769.65","2,172.05",6.56,-7.02
JSWSTEEL,950.4,959.4,943,950.4,945.65,"13,84,884",131.51,959.4,723,3.83,19.3
HCC,48.15,48.89,47.65,47.94,47.7,"2,19,21,656",105.55,53.4,17.84,24.2,125.07
AHLUCONT,"1,325.00","1,325.00","1,290.05","1,316.60","1,310.00","52,587",6.84,"1,389.00",611,7.95,114.45
ASTERDM,346.4,349.9,343.35,346.75,345,"9,39,194",32.48,558,287,-2.35,6.46
BALAMINES,"2,417.05","2,444.40","2,380.10","2,428.25","2,405.00","78,435",18.94,"2,735.00","1,960.00",15.63,6.21
ADANIGREEN,"1,780.00","1,780.00","1,764.00","1,775.05","1,766.00","3,44,262",60.98,"2,174.10",815.55,-12.9,87.64
DMART,"4,785.10","4,825.00","4,725.00","4,792.90","4,768.00","3,17,759",151.79,"5,219.00","3,491.25",10.2,24.26
CMSINFO,514.7,515.55,506.25,512.2,509.5,"4,02,894",20.6,524,341.3,14.02,35.31
MAXHEALTH,922.55,926.3,913.5,922.55,917.6,"7,21,831",66.31,979.9,508.5,20.56,55.35
EMUDHRA,899.7,901.55,879,893.8,889,"1,30,343",11.58,915.9,405,15.49,117.18
PIDILITIND,"3,109.90","3,133.85","3,092.25","3,111.95","3,095.00","2,13,526",66.38,"3,231.00","2,292.55",4.27,21.07
CIGNITITEC,"1,380.00","1,415.00","1,375.10","1,387.70","1,380.00","34,85,572",491.08,"1,415.00",758.05,5.12,71.63
CHEMPLASTS,570,570,553.35,563.5,560.35,"2,52,863",14.11,633.9,402.8,15.04,27.19
MRPL,220.8,221.8,217,219.01,217.75,"17,71,402",38.78,289.25,77.6,3.02,176.35
ADANIPORTS,"1,514.65","1,520.00","1,494.35","1,510.65","1,501.95","29,80,840",449.33,"1,621.40",708,-4.63,103.67
BRITANNIA,"5,454.95","5,487.35","5,397.55","5,449.10","5,416.40","1,38,170",75.09,"5,725.00","4,347.70",5.44,8.76
CENTURYTEX,"2,376.05","2,376.05","2,313.90","2,351.05","2,336.90","1,23,997",29,"2,420.00",847.6,11.19,167.68
SAREGAMA,546.95,553.95,544.2,548.3,545,"1,75,662",9.62,581.4,309.6,4.68,32.91
IKIO,305.1,307.95,301.75,304.35,302.5,"1,00,263",3.05,437.7,245.45,15.66,-25.71
LTFOODS,257.75,257.75,252.05,255,253.4,"5,18,920",13.2,275,124.05,21.57,-
GRASIM,"2,748.00","2,752.75","2,717.05","2,742.35","2,725.00","4,46,631",122.15,"2,762.70","1,733.25",15.77,54.97
SHRIRAMFIN,"2,867.95","2,868.00","2,820.00","2,850.45","2,832.40","7,91,663",224.64,"3,059.45","1,703.85",13.6,60.34
SBFC,83.85,83.95,82.21,83.63,83.1,"14,84,766",12.3,98,72.4,1.43,-
LGBBROSLTD,"1,461.30","1,475.75","1,438.35","1,459.25","1,450.00","28,924",4.22,"1,526.60",963.9,18.18,29.48
CARERATING,"1,081.00","1,098.80","1,075.85","1,089.20","1,082.20","22,588",2.45,"1,263.95",690.25,6.19,51.94
DALBHARAT,"1,860.00","1,870.25","1,834.10","1,855.95","1,844.00","4,52,681",83.87,"2,430.70","1,651.40",-0.11,-15.08
KEC,934.9,941.95,914.35,921.2,915.15,"12,07,749",112.49,968.8,550.05,18.86,60.21
BAJAJFINSV,"1,610.00","1,610.00","1,580.80","1,594.15","1,583.60","14,50,706",231.1,"1,741.00","1,419.05",1.16,-2.17
TITAN,"3,365.00","3,369.90","3,330.00","3,360.25","3,338.00","7,41,143",247.83,"3,886.95","2,882.45",3.04,9.29
ZOMATO,208.39,210.29,206.7,208.44,207.05,"3,00,04,307",625.92,213.95,73,18.8,178.66
RPOWER,28.44,28.79,28.02,28.38,28.19,"1,61,26,472",45.7,34.45,14.3,10.21,93.72
CHALET,855,858,841.95,857.75,852,"2,19,912",18.7,958,431.25,9.32,97.52
GODREJPROP,"3,330.00","3,358.05","3,296.60","3,330.65","3,308.00","3,25,112",108.09,"3,358.05","1,495.30",12.34,113.39
DABUR,609.8,613.6,605.05,609.7,605.55,"22,77,423",138.83,633.4,489.2,11.91,5.18
ARE&M,"1,708.90","1,713.40","1,685.15","1,703.65","1,692.00","9,29,259",157.55,"1,775.95",599,42.4,-
LICHSGFIN,803.5,803.5,785.1,799.55,794,"12,70,061",100.72,821.25,382.7,17.42,104.91
MUTHOOTMF,245,245,241,243.75,242,"1,52,427",3.69,281,196.6,12.8,-
NAUKRI,"6,801.00","6,854.00","6,725.10","6,811.60","6,762.00","74,283",50.4,"6,969.00","3,972.05",19.18,53.69
JKLAKSHMI,882.95,887.45,863.15,879.3,872.85,"2,23,037",19.48,999.9,607.2,12.05,26.24
KPIGREEN,"1,805.00","1,810.00","1,780.00","1,799.30","1,786.00","1,37,763",24.66,"2,109.15",497.33,-2.62,110.69
ASHOKLEY,231.3,231.9,226.45,229.47,227.77,"1,09,61,313",250.47,245.67,157.55,-2.97,40.56
CROMPTON,411.2,412.1,408.05,411.2,408.15,"9,56,124",39.19,436.5,261.25,3.93,43.4
UNITDSPR,"1,265.25","1,281.95","1,257.00","1,271.50","1,261.95","3,75,289",47.43,"1,334.85",905.2,-,-
IIFL,530,531,516.85,523.95,520,"18,11,008",95.04,682.91,304.13,30.73,3.81
POLYCAB,"6,775.00","6,775.00","6,651.30","6,711.70","6,661.00","3,48,211",232.87,"7,331.45","3,491.00",-3.14,91.24
CEATLTD,"2,695.00","2,733.95","2,650.05","2,690.55","2,670.10","1,71,186",46.02,"2,998.45","2,025.10",12.4,31.89
CHENNPETRO,982.2,982.2,960.45,973.5,966,"3,57,037",34.6,"1,122.50",347.9,0.03,143.13
INDUSINDBK,"1,455.45","1,457.85","1,436.20","1,455.50","1,444.25","30,10,077",434.39,"1,694.50","1,345.15",-4.85,6.45
PRSMJOHNSN,165.4,169.9,165.4,168.56,167.25,"2,99,382",5.02,199,119.95,9.45,28.43
IEX,186.19,186.6,182.8,185.29,183.84,"99,52,987",183.2,191.2,119,17.42,48.65
SAGCEM,254.95,256.7,248.65,254.5,252.5,"2,11,602",5.33,305,190.35,15.79,19.48
ERIS,"1,044.05","1,060.05","1,021.65","1,043.25","1,035.00","1,01,322",10.47,"1,090.00",683.1,14.05,51.31
JTLIND,219.8,219.9,215.55,218.23,216.5,"4,68,068",10.17,278,166.9,-5.45,-39.43
IIFLSEC,210.6,213.8,206,208.38,206.72,"6,93,961",14.45,239.9,60.3,4.87,243.58
FINCABLES,"1,659.95","1,697.95","1,633.90","1,660.95","1,647.65","1,47,534",24.51,"1,700.00",804.65,13.11,97.93
GODREJIND,901.95,912.2,886.4,897.2,890,"10,27,998",92.75,990,468.5,13.48,76.35
SBCL,610,613.85,595,603.85,599,"1,33,952",8.08,750,460,20.79,-3.72
IPL,228.15,229.98,225,227.83,226,"3,09,601",7.05,431.75,191.5,7.39,3.82
SONACOMS,671.05,678.9,660,670.8,665.3,"7,69,961",51.8,718.85,488.1,1.86,31.56
GREENPLY,337.8,337.8,330.9,334.75,332,"1,85,325",6.19,338.4,148.85,32.36,91.94
GILLETTE,"7,326.80","7,327.40","7,220.00","7,289.90","7,230.00","12,179",8.84,"7,999.00","5,055.00",1.1,42.24
VENKEYS,"1,983.10","1,999.95","1,961.50","1,986.35","1,970.00","19,042",3.77,"2,314.90","1,531.00",12.36,16.1
EQUITASBNK,95.09,95.09,93.75,94.58,93.8,"33,57,978",31.7,116.5,82.1,-1.22,3.65
JUBLFOOD,570.35,574.5,565.3,570.3,565.5,"11,43,614",65.11,586.95,421.05,14.56,14.08
TATACONSUM,"1,147.55","1,154.80","1,133.30","1,146.35","1,136.70","21,13,837",242.54,"1,269.00",822,7.22,33.99
BPCL,306.6,308.5,301.95,306.6,304,"66,07,472",201.45,343.98,165.73,-53.97,-18.6
NAM-INDIA,664,664,648.45,658.5,652.9,"7,97,738",52.22,678.3,280.35,5.58,131.01
KIRLOSENG,"1,401.70","1,411.50","1,386.00","1,400.95","1,389.00","3,31,536",46.37,"1,450.00",387.3,6.23,248.45
CGCL,214.4,216.2,211.75,213.82,211.99,"1,94,535",4.16,289.25,183.03,-4.35,-72.05
ATGL,905,908.9,895,905.15,897.4,"7,99,590",72.05,"1,259.40",522,-19.14,39.22
LANDMARK,712.15,717,702,710.1,704,"50,641",3.59,905,639,6.1,-2.43
ULTRACEMCO,"11,885.00","11,936.85","11,721.55","11,872.10","11,770.05","2,27,230",267.71,"12,078.00","7,987.65",13.39,41.14
FCL,397.15,400,386.85,394.5,391.1,"3,38,067",13.24,458.85,266,11.77,32.23
GPPL,233.15,238,227.5,230.5,228.49,"1,72,43,682",400.54,238,115.55,13.32,91.29
JSWHL,"7,415.30","7,477.75","7,250.10","7,414.65","7,349.90","7,810",5.72,"7,825.00","4,312.10",11.22,61.69
AFFLE,"1,371.95","1,385.50","1,347.00","1,365.95","1,354.00","3,79,931",51.98,"1,394.00",988.15,18.35,28.51
JLHL,"1,275.00","1,290.20","1,265.05","1,283.70","1,272.35","29,070",3.71,"1,653.95",970,8.7,-
SUNTECK,545.9,548.9,537,544.35,539.5,"3,00,090",16.25,619.4,276.8,15.22,93.03
ZFCVINDIA,"16,075.00","16,075.00","15,821.10","15,963.75","15,821.10","6,905",11,"18,250.00","11,684.05",-8.18,31.44
JBCHEPHARM,"1,803.50","1,804.00","1,780.10","1,805.15","1,789.00","90,788",16.24,"1,940.00","1,137.50",1.29,-23.23
LT,"3,616.10","3,644.00","3,565.80","3,614.35","3,581.65","18,51,947",667.3,"3,919.90","2,420.00",-7.26,46.81
APOLLOTYRE,533.4,534.5,522.9,534.8,529.9,"29,87,714",157.48,557.9,365,12.2,34.59
THOMASCOOK,254.2,254.2,246,252.72,250.4,"6,49,697",16.29,256.74,74.3,20.86,221.53
AJANTPHARM,"2,248.05","2,271.80","2,214.00","2,241.15","2,220.25","1,36,647",30.61,"2,540.00","1,386.60",-3.67,54.68
TIMKEN,"4,448.95","4,448.95","4,353.10","4,416.35","4,375.00","40,267",17.66,"4,817.90","2,524.50",8.21,32.56
TATACOMM,"1,896.00","1,900.00","1,874.30","1,894.75","1,877.00","3,91,028",73.86,"2,084.65","1,525.05",6.73,22.76
CHOLAFIN,"1,443.00","1,443.00","1,418.50","1,435.30","1,421.75","4,34,055",62.06,"1,476.20",997.25,11.38,20.89
APLAPOLLO,"1,595.75","1,599.60","1,576.00","1,595.75","1,580.00","3,54,970",56.24,"1,800.00","1,301.00",2.51,21.62
KESORAMIND,215.85,215.85,211.32,214.16,212.04,"2,99,440",6.37,217.97,61.45,13.19,244.86
RAYMOND,"2,979.25","3,012.95","2,925.00","2,962.35","2,933.00","2,49,987",73.77,"3,150.00","1,487.60",30.89,72.2
DCBBANK,140.9,140.9,138.5,140.5,139.1,"11,88,433",16.57,163.45,109.9,6.72,14.41
UBL,"2,038.00","2,045.85","2,005.40","2,035.80","2,015.45","90,734",18.37,"2,182.45","1,470.05",8.5,34.35
TIDEWATER,"2,383.00","2,399.90","2,350.40","2,403.00","2,359.00","49,350",11.74,"2,463.00","1,001.50",31.28,136.8
HLEGLAS,507,510,494.9,502,496.9,"84,237",4.21,689,400,20.88,-25.51
CHOICEIN,400.5,401,392.9,397,392.9,"3,23,801",12.82,451.2,166.13,8.62,17.56
CONFIPET,83.9,84.4,82.3,83.57,82.7,"7,91,745",6.59,120,62.55,6.94,6.94
JSWENERGY,732.7,736.8,722.1,733.15,725.5,"18,64,598",135.96,752,283.25,11.3,149.12
LUXIND,"1,520.60","1,547.45","1,485.20","1,512.90","1,497.00","84,724",12.89,"1,719.55","1,071.75",4.12,0.79
SUVENPHAR,824.75,826.7,805,824.75,816,"4,41,073",35.94,839.95,477.65,35.09,70.17
CLEAN,"1,502.95","1,512.90","1,467.10","1,497.95","1,482.00","1,27,160",18.93,"1,622.00","1,243.00",14.9,7.95
TARSONS,506.1,508.7,499.3,506.2,500.8,"46,757",2.35,646.4,389.1,22.36,-14.48
TVSHLTD,"14,111.10","14,164.45","13,680.00","13,949.25","13,800.00","6,017",8.35,"14,605.80","4,612.25",20.24,-
NESCO,949.85,949.85,932,943.1,933,"39,648",3.72,"1,003.00",613.55,9.04,52.1
JKCEMENT,"4,306.30","4,334.95","4,179.00","4,306.25","4,260.00","1,59,601",67.85,"4,599.95","3,030.25",6.96,29.31
GANESHHOUC,"1,007.95","1,029.25",988.5,"1,006.70",995.85,"98,410",9.94,"1,070.00",361.8,23.63,143.19
ADANIENSOL,"1,036.00","1,047.95","1,020.10","1,035.20","1,024.00","8,25,442",85.39,"1,250.00",686,-15.28,-
SHYAMMETL,732.95,732.95,717,732.75,724.8,"11,32,760",81.94,737.8,343.3,17.86,103.2
ALOKINDS,28.69,28.79,28.16,28.56,28.25,"92,01,049",26.11,39.05,14.55,10.91,72.05
CRAFTSMAN,"5,799.00","5,799.00","5,634.90","5,764.45","5,700.60","60,543",34.49,"5,840.00","3,782.05",34.64,43.07
GLS,935,947.3,906.95,925.35,914.95,"95,871",8.83,972,564.3,10.17,62.94
JTEKTINDIA,221,224.8,215.1,219.48,217,"5,68,067",12.55,225.7,126.05,27.38,56.72
STLTECH,144,144.75,141.35,143.52,141.89,"11,06,058",15.75,179.05,109.5,13.14,-5.11
PAYTM,418.1,430,411,417.55,412.8,"54,11,756",225.64,998.3,310,10.99,-50.1
TIMETECHNO,334.7,335.6,327.9,333.8,330,"7,29,902",24.18,352.25,117.5,16.04,180.62
HERITGFOOD,559.55,565,552,559.55,553,"5,45,569",30.45,727.35,209.3,31.17,158.21
APARINDS,"8,725.60","8,892.00","8,508.00","8,669.60","8,567.95","1,25,465",109.21,"8,892.00","3,303.25",8.27,143.96
JUNIPER,434.3,439.95,427,437.2,432.05,"5,03,914",21.86,538.25,365,2.59,-
KIRLOSBROS,"2,401.45","2,450.00","2,349.00","2,383.15","2,355.00","1,12,194",26.67,"2,450.00",602,34.26,291.87
KNRCON,365.95,366.25,356.05,363.3,359,"19,94,443",71.82,407,236.75,11.92,46.94
FINPIPE,331.15,332.8,327,331.25,327.3,"4,61,731",15.19,355.9,170.05,-1.38,89.45
TECHM,"1,482.00","1,492.00","1,453.30","1,479.80","1,462.00","13,22,999",194.29,"1,498.00","1,082.30",18.83,28.9
SUNDRMFAST,"1,425.00","1,436.35","1,400.20","1,423.35","1,406.00","73,790",10.43,"1,436.35","1,003.05",16.18,15.29
AARTIPHARM,623.75,626.45,613.05,622.6,615,"1,43,462",8.89,662.8,320.3,8.19,67.37
WESTLIFE,840,840,822,835.2,825,"37,336",3.09,"1,024.95",708.95,1.97,-2.03
NYKAA,176.1,176.84,170.5,175.13,172.99,"1,06,48,318",183.68,195.5,130.1,7.18,20.36
JYOTHYLAB,480.3,480.3,470.8,478.65,472.8,"6,20,509",29.46,554,219.45,21.52,106.67
SHILPAMED,584.65,585.2,569.95,584.65,577.5,"1,59,112",9.22,608,281.4,21.01,92
RELIGARE,246,249.5,242.2,246.47,243.45,"22,19,777",54.62,280.6,162.8,12.06,40.88
POLYPLEX,"1,105.00","1,132.40","1,079.85","1,099.85","1,086.30","6,07,283",67.44,"1,367.95",751.65,36,-18.59
ASTRAL,"2,399.10","2,399.10","2,353.35","2,400.10","2,370.50","3,22,610",76.65,"2,454.00","1,740.00",11.84,24.72
WIPRO,541.4,548.8,529.1,539,532.25,"97,62,316",524.69,548.8,375.05,21.37,36.13
DISHTV,15.95,15.95,15.61,15.83,15.63,"1,00,16,875",15.74,26.05,12.85,4.83,2.79
INOXINDIA,"1,420.90","1,437.40","1,391.55","1,417.40","1,399.35","2,32,362",32.72,"1,473.00",801.55,6.99,-
MANINFRA,200,200,194.11,198.16,195.6,"6,22,838",12.22,249.3,108.15,1.91,74.36
WSTCSTPAPR,718.5,721.75,705.65,716.85,707.55,"2,96,334",21.11,815,465.3,20.43,47.41
CANFINHOME,908,908,886.45,902.85,891,"3,69,698",33.05,938,680,20.04,13.15
SENCO,"1,098.00","1,108.70","1,066.05","1,091.65","1,077.20","1,88,161",20.37,"1,177.00",358.45,25.85,-
ASHOKA,235.75,236.79,231.61,235.62,232.5,"9,61,419",22.48,249,79.95,20.8,191.79
TEJASNET,"1,457.90","1,462.80","1,425.10","1,452.25","1,433.00","3,86,300",55.59,"1,495.00",651.25,24.2,103.34
PPLPHARMA,160.5,160.5,157,159.37,157.25,"30,02,330",47.47,166.7,87.5,6.53,74.65
PGEL,"3,799.00","3,824.00","3,675.15","3,770.20","3,719.85","1,07,933",40.36,"4,050.00","1,451.15",37.89,145.18
RBLBANK,270,270.3,262.55,269.55,265.95,"61,15,711",162.79,300.7,180.8,3.18,47.7
ICICIGI,"1,859.00","1,861.95","1,821.05","1,853.25","1,828.45","4,04,757",74.14,"1,863.90","1,266.00",15.78,40.93
TV18BRDCST,46,46.2,44.85,45.56,44.95,"83,53,193",37.87,68.7,37.55,6.7,18.96
HEMIPROP,194.7,194.94,191,193.8,191.2,"5,23,075",10.06,264.95,98.3,-4.77,76.58
JAIBALAJI,941.35,947.65,906.2,941.35,928.45,"65,987",6.11,"1,314.00",75,4.5,"1,106.86"
360ONE,945.45,948.7,924.55,943.15,930,"3,14,006",29.24,"1,065.00",471.1,20.92,95.61
IBREALEST,152.5,153.4,148.52,151.26,149.14,"89,40,760",135.08,164.36,59.7,11.38,152.31
SUPREMEIND,"6,115.95","6,320.35","6,000.00","6,089.00","6,003.00","1,18,265",72.24,"6,460.00","3,140.00",9.37,87.52
VARROC,685.35,693.3,665.05,678.6,669,"2,96,747",20.07,716.9,320,21.21,99.94
HINDOILEXP,213,215.2,207.03,212.5,209.47,"30,49,056",64.21,257.95,154.7,10.33,3.26
BANCOINDIA,696,702.3,681.55,695.95,686,"2,39,933",16.5,744.15,298.6,15.36,129.04
RRKABEL,"1,824.95","1,835.75","1,778.00","1,811.30","1,785.00","1,99,742",35.81,"1,901.95","1,136.80",5,-
RTNINDIA,82.3,82.6,81,82.3,81.1,"20,88,452",17.04,94.85,39.15,11.29,100.98
ADANIENT,"3,192.00","3,194.45","3,138.05","3,190.95","3,143.90","10,55,391",333.11,"3,743.90","2,142.00",-12.46,33.64
DBREALTY,205.5,207.43,200.01,204.02,201,"22,15,688",45.12,284.9,69.15,0.03,179.29
JYOTICNC,"1,369.25","1,400.00","1,330.00","1,357.70","1,337.50","1,25,698",16.87,"1,449.95",368,33.11,-
BARBEQUE,591,591.85,575,589.8,581,"1,48,979",8.69,791.7,461.05,15.05,-10.44
ACC,"2,773.00","2,791.25","2,675.00","2,767.60","2,726.00","6,02,032",164.07,"2,844.00","1,762.65",3.16,52.03
WELSPUNLIV,154.95,154.95,150.51,153.36,151,"12,40,632",18.81,171.25,92.8,11.9,-
BIKAJI,729.95,729.95,711.25,726.5,715,"3,61,864",25.9,747,403.3,26.36,77.67
BAJAJHIND,42.01,42.09,40.95,41.68,41.02,"1,61,31,485",66.9,44.4,15.9,27.66,145.9
SUNTV,798,799.85,776.35,795.6,783,"6,36,956",49.91,799.85,436.5,18.29,78.55
ORIENTELEC,279,281.15,274.1,279.45,275,"7,97,997",22.04,287.05,189,22.08,17.64
NETWORK18,88.95,89.3,86.77,88.41,87,"17,70,541",15.49,135.7,57.15,11.14,41.57
HATHWAY,23.64,23.67,23.05,23.47,23.09,"66,77,218",15.51,27.95,14.6,12.03,59.12
CSBBANK,379.25,381.6,368.55,378.8,372.55,"4,44,753",16.75,422.25,282.5,9.89,30.28
M&MFIN,303.15,303.45,295.75,303.4,298.3,"36,77,899",109.82,346.55,237.35,11.01,-11.55
JKPAPER,604,614,585,600.85,590.75,"14,64,218",87.13,638.75,306.4,56.23,90.66
AMBUJACEM,693.3,694.65,671.75,692.7,681,"40,72,206",277.7,706.95,404.05,3.26,60.09
AVANTIFEED,623.25,624.75,601.6,617.5,606.75,"3,22,229",19.78,672,385.9,20.09,57.77
PURVA,555,560,530.1,549.7,540,"78,757",4.23,569.6,93.1,31.57,-
BANDHANBNK,210.25,214.6,206.16,211.13,207.4,"2,78,83,085",584.15,263.1,169.15,8.24,-8.7
BASF,"5,345.90","5,367.95","5,205.00","5,319.35","5,225.00","58,847",31.17,"5,379.00","2,430.00",22.34,102.65
MGL,"1,698.50","1,701.80","1,657.40","1,697.35","1,667.00","6,48,096",108.6,"1,858.35",970.55,23.12,58.32
GLOBUSSPR,845,849,826,842.75,827.65,"1,85,180",15.46,"1,327.70",661.3,20.15,-34.73
SUPRIYA,412.4,413.45,400.35,410.4,403,"1,67,018",6.75,424,233.3,14.24,68.54
SANGHIIND,102.39,102.49,99.2,101.86,100,"11,23,465",11.3,156,68.6,8.88,43.36
DALMIASUG,416.65,420.55,406.35,416.65,409,"98,112",4.05,490,338.05,9.17,13.02
BBTC,"2,080.10","2,117.90","2,050.10","2,094.85","2,055.00","1,63,731",34.06,"2,167.70",970.05,40.95,106.85
ASAHIINDIA,701,706.45,683,699.75,686,"1,27,778",8.87,722,491.6,17.73,36.79
KPIL,"1,245.40","1,256.45","1,216.80","1,245.35","1,220.35","3,53,152",43.52,"1,342.60",538.3,1.84,125.28
SCHNEIDER,939,939,910.3,939,920.05,"3,12,398",28.87,980,258.85,30.47,251.69
CAMS,"3,795.95","3,829.50","3,712.95","3,799.55","3,722.30","1,31,275",49.24,"3,840.00","2,220.15",7.04,65.95
BAJFINANCE,"7,301.05","7,325.00","7,100.00","7,258.80","7,109.00","18,97,977","1,363.15","8,192.00","6,187.80",4.96,-7.65
RENUKA,49.49,49.49,48,49.21,48.19,"1,53,52,445",74.75,57.25,36.55,20.02,14.58
POWERINDIA,"14,143.95","14,187.80","13,651.00","13,959.50","13,668.00","80,964",112.34,"14,382.00","3,895.90",25.74,239.81
SWSOLAR,724,734,701,723.8,708,"11,27,531",80.23,828,253,-1.78,150.75
BOMDYEING,219,220.01,213.85,218.81,213.92,"24,96,467",53.96,221.2,108,31.06,98.56
HDFCBANK,"1,759.75","1,759.75","1,724.85","1,768.65","1,728.00","2,29,24,329","3,977.85","1,794.00","1,363.55",12.5,2.34
NEWGEN,"1,030.00","1,035.00",953.65,"1,000.25",976,"2,39,437",23.66,"1,058.10",302.53,10.57,53.1
FIVESTAR,825.85,826.6,800,826.6,806.55,"2,98,346",24.12,876.55,600.05,10.42,26.72
IOLCP,436.1,436.9,421.1,433.55,423,"3,14,109",13.42,535.9,330.85,20.31,16.61
BLS,382.5,383.8,368.95,379.65,370.1,"1,30,27,939",483.6,429.95,201.65,19.41,86.1
DEN,56.21,56.3,54.51,56.04,54.63,"15,35,858",8.48,69.4,32.95,11.19,61.73
DHANI,57.9,59,55.55,57.67,56.2,"79,26,083",45.43,59.8,29.9,24.69,75.29
RAMCOCEM,839,839,816.2,840.1,818.1,"14,39,295",118.63,"1,058.20",700,8.63,-10.25
ICIL,422.9,424,409,422.6,411,"3,90,570",16.23,450.65,199.05,23.78,111.19
EPL,225.05,226.5,220.2,227.55,221,"20,98,950",46.92,236.15,169.6,25.03,6.68
JPPOWER,19.67,19.77,18.99,19.67,19.08,"3,73,32,968",71.6,24,5.9,-2.38,214.72
POLICYBZR,"1,472.00","1,472.00","1,405.55","1,462.75","1,418.00","25,32,801",361.85,"1,543.00",661.3,13.85,111.72
REDTAPE,788,788.55,763.1,789.15,764.95,"98,139",7.58,810.05,411.05,10.09,-
NUVAMA,"4,996.00","5,026.00","4,800.00","4,990.95","4,830.00","60,362",29.57,"5,500.00","2,100.00",-0.87,-
MAHLOG,538.35,541.95,513.1,537.5,520,"3,54,379",18.58,554.7,348.05,22.82,41.11
AAVAS,"1,859.00","1,861.00","1,778.00","1,859.00","1,795.90","6,41,861",115.49,"1,978.95","1,307.00",14.39,21.36
KALAMANDIR,196.5,198,188.2,195.73,189,"4,93,882",9.45,312,144,9.22,-
MASFIN,303.1,303.1,288.8,301.9,291,"5,23,225",15.39,387.95,246.67,4.88,-60.7
NAVA,759,761,720,753,723.15,"3,15,440",23.21,777,305.25,47.46,143.97
HOMEFIRST,"1,109.90","1,116.40","1,060.00","1,121.50","1,071.95","2,42,931",26.31,"1,195.00",771,37.28,38.47
TECHNOE,"1,545.00","1,558.95","1,471.55","1,549.00","1,480.00","1,49,849",22.38,"1,599.00",363,-,-
JPASSOCIAT,8.57,8.57,8.57,9.03,8.57,"62,63,350",5.37,27.15,7.5,-,-
ITDCEM,560,560,476.3,573.9,495,"92,19,358",471.33,589.95,160.5,36.17,254.81
